/*******************************************************************************
 * Size: 94 px
 * Bpp: 1
 * Opts: --bpp 1 --size 94 --font C:\Users\Tihana\Desktop\waveClock\assets\G7_Segment_7a.ttf -o C:\Users\Tihana\Desktop\waveClock\assets\ui_font_digits.c --format lvgl -r 0x20-0x7f --no-compress --no-prefilter
 ******************************************************************************/

#include "ui.h"

#ifndef UI_FONT_DIGITS
#define UI_FONT_DIGITS 1
#endif

#if UI_FONT_DIGITS

/*-----------------
 *    BITMAPS
 *----------------*/

/*Store the image of the glyphs*/
static LV_ATTRIBUTE_LARGE_CONST const uint8_t glyph_bitmap[] = {
    /* U+0020 " " */
    0x0,

    /* U+0021 "!" */
    0x60, 0x3c, 0xf, 0x83, 0xf0, 0xfe, 0x3f, 0xcf,
    0xfb, 0xff, 0xff, 0xff, 0xff, 0xff, 0xff, 0xff,
    0xff, 0xff, 0xff, 0xff, 0xff, 0xff, 0xff, 0xff,
    0xff, 0xff, 0xff, 0xef, 0xf3, 0xf8, 0xfc, 0x1e,
    0x3, 0x0, 0x0, 0x0, 0x0, 0x0, 0x0, 0x0,
    0x0, 0x0, 0x0, 0x0, 0x0, 0x0, 0x3f, 0xff,
    0xff, 0xff, 0xff, 0xff, 0xff, 0xff, 0xff, 0xff,
    0xff, 0xf0,

    /* U+0022 "\"" */
    0x60, 0x0, 0x60, 0x3c, 0x0, 0x3c, 0xf, 0x80,
    0xf, 0x83, 0xf0, 0x3, 0xf0, 0xfe, 0x0, 0xfe,
    0x3f, 0xc0, 0x3f, 0xcf, 0xf8, 0xf, 0xfb, 0xff,
    0x3, 0xff, 0xff, 0xc0, 0xff, 0xff, 0xf0, 0x3f,
    0xff, 0xfc, 0xf, 0xff, 0xff, 0x3, 0xff, 0xff,
    0xc0, 0xff, 0xff, 0xf0, 0x3f, 0xff, 0xfc, 0xf,
    0xff, 0xff, 0x3, 0xff, 0xff, 0xc0, 0xff, 0xff,
    0xf0, 0x3f, 0xff, 0xfc, 0xf, 0xff, 0xff, 0x3,
    0xff, 0xff, 0xc0, 0xff, 0xff, 0xe0, 0x3f, 0xef,
    0xf0, 0xf, 0xf3, 0xf8, 0x3, 0xf8, 0xfc, 0x0,
    0xfc, 0x1e, 0x0, 0x1e, 0x3, 0x0, 0x3, 0x0,

    /* U+0023 "#" */
    0x0, 0x0, 0x0, 0x3c, 0x0, 0x78, 0x0, 0x0,
    0x0, 0xf, 0x80, 0xf, 0x0, 0x0, 0x0, 0x1,
    0xe0, 0x1, 0xe0, 0x0, 0x0, 0x0, 0x3c, 0x0,
    0x7c, 0x0, 0x0, 0x0, 0x7, 0x80, 0xf, 0x0,
    0x0, 0x0, 0x1, 0xf0, 0x1, 0xe0, 0x0, 0x0,
    0x0, 0x3c, 0x0, 0x7c, 0x0, 0x0, 0x0, 0x7,
    0x80, 0xf, 0x0, 0x0, 0x0, 0x1, 0xf0, 0x1,
    0xe0, 0x0, 0x0, 0x0, 0x3c, 0x0, 0x7c, 0x0,
    0x0, 0x0, 0x7, 0x80, 0xf, 0x0, 0x0, 0x0,
    0x0, 0xf0, 0x1, 0xe0, 0x0, 0x0, 0x0, 0x3e,
    0x0, 0x3c, 0x0, 0x0, 0x0, 0x7, 0x80, 0xf,
    0x80, 0x0, 0x0, 0x0, 0xf0, 0x1, 0xe0, 0x0,
    0x0, 0x0, 0x3e, 0x0, 0x3c, 0x0, 0x0, 0x0,
    0x7, 0x80, 0xf, 0x80, 0x0, 0x0, 0x0, 0xf0,
    0x1, 0xe0, 0x0, 0x0, 0x0, 0x3e, 0x0, 0x3c,
    0x0, 0x0, 0x0, 0x7, 0x80, 0x7, 0x80, 0x0,
    0x0, 0x0, 0xf0, 0x1, 0xf0, 0x0, 0x0, 0x0,
    0x1e, 0x0, 0x3c, 0x0, 0x0, 0xff, 0xff, 0xff,
    0xff, 0xff, 0xf8, 0x3f, 0xff, 0xff, 0xff, 0xff,
    0xfe, 0x7, 0xff, 0xff, 0xff, 0xff, 0xff, 0xc0,
    0xff, 0xff, 0xff, 0xff, 0xff, 0xf8, 0x0, 0x0,
    0xf0, 0x1, 0xf0, 0x0, 0x0, 0x0, 0x1e, 0x0,
    0x3c, 0x0, 0x0, 0x0, 0x7, 0xc0, 0x7, 0x80,
    0x0, 0x0, 0x0, 0xf0, 0x0, 0xf0, 0x0, 0x0,
    0x0, 0x1e, 0x0, 0x3e, 0x0, 0x0, 0x0, 0x3,
    0xc0, 0x7, 0x80, 0x0, 0x0, 0x0, 0xf8, 0x0,
    0xf0, 0x0, 0x0, 0x0, 0x1e, 0x0, 0x3e, 0x0,
    0x0, 0x0, 0x3, 0xc0, 0x7, 0x80, 0x0, 0x0,
    0x0, 0xf8, 0x0, 0xf0, 0x0, 0x0, 0x0, 0x1e,
    0x0, 0x1e, 0x0, 0x0, 0x0, 0x3, 0xc0, 0x7,
    0xc0, 0x0, 0x0, 0x0, 0x78, 0x0, 0xf0, 0x0,
    0x0, 0x0, 0x1f, 0x0, 0x1e, 0x0, 0x0, 0x3f,
    0xff, 0xff, 0xff, 0xff, 0xfe, 0xf, 0xff, 0xff,
    0xff, 0xff, 0xff, 0x81, 0xff, 0xff, 0xff, 0xff,
    0xff, 0xf0, 0x3f, 0xff, 0xff, 0xff, 0xff, 0xfe,
    0x0, 0x0, 0x78, 0x0, 0xf0, 0x0, 0x0, 0x0,
    0x1f, 0x0, 0x1e, 0x0, 0x0, 0x0, 0x3, 0xc0,
    0x7, 0xc0, 0x0, 0x0, 0x0, 0x78, 0x0, 0xf0,
    0x0, 0x0, 0x0, 0xf, 0x0, 0x1e, 0x0, 0x0,
    0x0, 0x3, 0xe0, 0x3, 0xc0, 0x0, 0x0, 0x0,
    0x78, 0x0, 0xf8, 0x0, 0x0, 0x0, 0xf, 0x0,
    0x1e, 0x0, 0x0, 0x0, 0x3, 0xe0, 0x3, 0xc0,
    0x0, 0x0, 0x0, 0x78, 0x0, 0xf8, 0x0, 0x0,
    0x0, 0xf, 0x0, 0x1e, 0x0, 0x0, 0x0, 0x3,
    0xe0, 0x3, 0xc0, 0x0, 0x0, 0x0, 0x78, 0x0,
    0x78, 0x0, 0x0, 0x0, 0xf, 0x0, 0x1e, 0x0,
    0x0, 0x0, 0x1, 0xe0, 0x3, 0xc0, 0x0, 0x0,
    0x0, 0x7c, 0x0, 0x78, 0x0, 0x0, 0x0, 0xf,
    0x0, 0x1f, 0x0, 0x0, 0x0, 0x1, 0xe0, 0x3,
    0xc0, 0x0, 0x0, 0x0, 0x7c, 0x0, 0x78, 0x0,
    0x0, 0x0, 0xf, 0x0, 0x1f, 0x0, 0x0, 0x0,
    0x1, 0xe0, 0x3, 0xc0, 0x0, 0x0, 0x0, 0x7c,
    0x0, 0x78, 0x0, 0x0, 0x0,

    /* U+0024 "$" */
    0x7, 0xff, 0xff, 0xff, 0xf0, 0xf, 0xff, 0xff,
    0xff, 0xfc, 0x3, 0xff, 0xff, 0xff, 0xfe, 0x8,
    0xff, 0xff, 0xff, 0xfe, 0x2e, 0x3f, 0xff, 0xff,
    0xfc, 0x3f, 0xc7, 0xff, 0xff, 0xfc, 0x7f, 0xf1,
    0xff, 0xff, 0xfc, 0x7f, 0xfc, 0x7f, 0xff, 0xfc,
    0x7f, 0xff, 0x1f, 0xff, 0xfc, 0x7f, 0xff, 0xc0,
    0x0, 0x0, 0x7f, 0xff, 0xf0, 0x0, 0x0, 0x7f,
    0xff, 0xf8, 0x0, 0x0, 0x3f, 0xff, 0xfc, 0x0,
    0x0, 0x1f, 0xff, 0xfe, 0x0, 0x0, 0xf, 0xff,
    0xff, 0x0, 0x0, 0x7, 0xfe, 0x0, 0x0, 0x0,
    0x3, 0xff, 0x0, 0x0, 0x0, 0x1, 0xff, 0x80,
    0x0, 0x0, 0x0, 0xff, 0xc0, 0x0, 0x0, 0x0,
    0x7f, 0xe0, 0x0, 0x0, 0x0, 0x3f, 0xf0, 0x0,
    0x0, 0x0, 0x1f, 0xf8, 0x0, 0x0, 0x0, 0xf,
    0xfc, 0x0, 0x0, 0x0, 0x7, 0xfe, 0x0, 0x0,
    0x0, 0x3, 0xff, 0x0, 0x0, 0x0, 0x1, 0xff,
    0x80, 0x0, 0x0, 0x0, 0x7f, 0xc0, 0x0, 0x0,
    0x0, 0x1f, 0xe0, 0x0, 0x0, 0x0, 0x7, 0xf0,
    0x7, 0xff, 0xff, 0xf1, 0xf8, 0x7, 0xff, 0xff,
    0xfc, 0x70, 0x7, 0xff, 0xff, 0xff, 0x10, 0x7,
    0xff, 0xff, 0xff, 0xc0, 0x7, 0xff, 0xff, 0xff,
    0xf0, 0x1, 0xff, 0xff, 0xff, 0xf0, 0x0, 0x7f,
    0xff, 0xff, 0xf0, 0x0, 0x1f, 0xff, 0xff, 0xf0,
    0x0, 0x7, 0xff, 0xff, 0xf0, 0x0, 0x0, 0x0,
    0x0, 0x0, 0x0, 0x0, 0x0, 0x0, 0x0, 0x0,
    0x0, 0x0, 0x0, 0x0, 0x0, 0x0, 0x0, 0x0,
    0x0, 0x0, 0x0, 0x0, 0x0, 0x0, 0x0, 0x0,
    0x0, 0x0, 0x0, 0x0, 0x0, 0x0, 0x0, 0x0,
    0x0, 0x0, 0x0, 0x0, 0x0, 0x0, 0x0, 0x0,
    0x0, 0x0, 0x0, 0x0, 0x0, 0x0, 0x0, 0x0,
    0x0, 0x0, 0x0, 0x0, 0x0, 0x0, 0x0, 0x0,
    0x0, 0x0, 0x0, 0x0, 0x0, 0x0, 0x0, 0x0,
    0x0, 0x0, 0x0, 0x0, 0x0, 0x0, 0x0, 0x0,
    0x0, 0x0, 0x0, 0x0, 0x0, 0x0, 0x0, 0x0,
    0x0, 0x0, 0x0, 0x0, 0x0, 0x0, 0x0, 0x0,
    0x0, 0x0, 0x0, 0x0, 0x0, 0x0, 0x0, 0x0,
    0x1f, 0xff, 0xfc, 0x0, 0x0, 0x1f, 0xff, 0xff,
    0x0, 0x0, 0x1f, 0xff, 0xff, 0xc0, 0x0, 0x1f,
    0xff, 0xff, 0xf0, 0x0, 0x3f, 0xff, 0xff, 0xfc,
    0x0, 0x3f, 0xff, 0xff, 0xff, 0x0, 0x3f, 0xff,
    0xff, 0xff, 0xe0, 0x3f, 0xff, 0xff, 0xff, 0xf0,
    0xf, 0xff, 0xff, 0xff, 0xf0, 0x0,

    /* U+0025 "%" */
    0x7, 0xff, 0xf0, 0x0, 0x0, 0xf, 0xff, 0xf8,
    0x0, 0x0, 0xf, 0xff, 0xf8, 0x0, 0x0, 0x47,
    0xff, 0xe1, 0x0, 0x0, 0xe1, 0xff, 0xc7, 0x80,
    0x0, 0xf8, 0xff, 0x8f, 0x80, 0x0, 0xfc, 0x7f,
    0x1f, 0x80, 0x0, 0xfe, 0x3e, 0x3f, 0x80, 0x0,
    0xff, 0x1c, 0x7f, 0x80, 0x0, 0xff, 0x80, 0xff,
    0x80, 0x0, 0xff, 0xc1, 0xff, 0x80, 0x0, 0xff,
    0xc1, 0xff, 0x80, 0x0, 0xff, 0xc1, 0xff, 0x80,
    0x0, 0xff, 0xc0, 0xff, 0x80, 0x7f, 0xff, 0x80,
    0x7f, 0x80, 0xff, 0xff, 0x1c, 0x3f, 0x81, 0xff,
    0xfc, 0x3e, 0x1f, 0x83, 0xff, 0xf8, 0x7f, 0xf,
    0x87, 0xff, 0xf0, 0xff, 0x87, 0x8f, 0xff, 0xe1,
    0xff, 0xc3, 0x9f, 0xff, 0x47, 0xff, 0xe1, 0x3f,
    0xfe, 0xf, 0xff, 0xf0, 0x7f, 0xfc, 0xf, 0xff,
    0xf8, 0xff, 0xf8, 0x7, 0xff, 0xf1, 0xff, 0xf0,
    0x0, 0x0, 0x3, 0xff, 0xe0, 0x0, 0x0, 0x7,
    0xff, 0xc0, 0x0, 0x0, 0xf, 0xff, 0x80, 0x0,
    0x0, 0x1f, 0xff, 0x0, 0x0, 0x0, 0x3f, 0xfe,
    0x0, 0x0, 0x0, 0x7f, 0xfc, 0x0, 0x0, 0x0,
    0xff, 0xf8, 0x0, 0x0, 0x1, 0xff, 0xf0, 0x0,
    0x0, 0x3, 0xff, 0xe0, 0x0, 0x0, 0x7, 0xff,
    0xc0, 0x0, 0x0, 0xf, 0xff, 0x80, 0x0, 0x0,
    0x1f, 0xff, 0x0, 0x0, 0x0, 0x3f, 0xfe, 0x0,
    0x0, 0x0, 0x7f, 0xfc, 0x0, 0x0, 0x0, 0xff,
    0xf8, 0x0, 0x0, 0x1, 0xff, 0xf0, 0x0, 0x0,
    0x3, 0xff, 0xe0, 0x0, 0x0, 0x7, 0xff, 0xc0,
    0x0, 0x0, 0xf, 0xff, 0xcf, 0xff, 0xe0, 0x1f,
    0xff, 0x1f, 0xff, 0xf8, 0x3f, 0xff, 0xf, 0xff,
    0xf0, 0x7f, 0xfc, 0x87, 0xff, 0xe2, 0xff, 0xfd,
    0xc3, 0xff, 0x87, 0xff, 0xf9, 0xe1, 0xff, 0xf,
    0xff, 0xf1, 0xf0, 0xfe, 0x3f, 0xff, 0xc1, 0xf8,
    0x7c, 0x7f, 0xff, 0xc1, 0xfc, 0x38, 0xff, 0xff,
    0x1, 0xfe, 0x1, 0xff, 0xfe, 0x1, 0xff, 0x3,
    0xff, 0x0, 0x1, 0xff, 0x83, 0xff, 0x0, 0x1,
    0xff, 0x83, 0xff, 0x0, 0x1, 0xff, 0x83, 0xff,
    0x0, 0x1, 0xff, 0x1, 0xff, 0x0, 0x1, 0xfe,
    0x38, 0x7f, 0x0, 0x1, 0xfc, 0x7c, 0x3f, 0x0,
    0x1, 0xf0, 0xfe, 0x1f, 0x0, 0x1, 0xe1, 0xff,
    0xf, 0x0, 0x1, 0xc3, 0xff, 0x87, 0x0, 0x0,
    0x87, 0xff, 0xe2, 0x0, 0x0, 0x1f, 0xff, 0xf0,
    0x0, 0x0, 0x1f, 0xff, 0xf8, 0x0, 0x0, 0xf,
    0xff, 0xe0,

    /* U+0026 "&" */
    0x7, 0xff, 0xff, 0xff, 0xf0, 0xf, 0xff, 0xff,
    0xff, 0xfc, 0x3, 0xff, 0xff, 0xff, 0xfe, 0x8,
    0xff, 0xff, 0xff, 0xfe, 0x2e, 0x3f, 0xff, 0xff,
    0xfc, 0x3f, 0xc7, 0xff, 0xff, 0xfc, 0x7f, 0xf1,
    0xff, 0xff, 0xfc, 0x7f, 0xfc, 0x7f, 0xff, 0xfc,
    0x7f, 0xff, 0x1f, 0xff, 0xfc, 0x7f, 0xff, 0xc0,
    0x0, 0x0, 0x7f, 0xff, 0xf0, 0x0, 0x0, 0x7f,
    0xff, 0xf8, 0x0, 0x0, 0x3f, 0xff, 0xfc, 0x0,
    0x0, 0x1f, 0xff, 0xfe, 0x0, 0x0, 0xf, 0xff,
    0xff, 0x0, 0x0, 0x7, 0xfe, 0x0, 0x0, 0x0,
    0x3, 0xff, 0x0, 0x0, 0x0, 0x1, 0xff, 0x80,
    0x0, 0x0, 0x0, 0xff, 0xc0, 0x0, 0x0, 0x0,
    0x7f, 0xe0, 0x0, 0x0, 0x0, 0x3f, 0xf0, 0x0,
    0x0, 0x0, 0x1f, 0xf8, 0x0, 0x0, 0x0, 0xf,
    0xfc, 0x0, 0x0, 0x0, 0x7, 0xfe, 0x0, 0x0,
    0x0, 0x3, 0xff, 0x0, 0x0, 0x0, 0x1, 0xff,
    0x80, 0x0, 0x0, 0x0, 0x7f, 0xc0, 0x0, 0x0,
    0x0, 0x1f, 0xe0, 0x0, 0x0, 0x0, 0x7, 0xf0,
    0x7, 0xff, 0xff, 0xf1, 0xf8, 0x7, 0xff, 0xff,
    0xfc, 0x70, 0x7, 0xff, 0xff, 0xff, 0x10, 0x7,
    0xff, 0xff, 0xff, 0xc0, 0x7, 0xff, 0xff, 0xff,
    0xf0, 0x1, 0xff, 0xff, 0xff, 0xf0, 0x0, 0x7f,
    0xff, 0xff, 0xf0, 0x0, 0x1f, 0xff, 0xff, 0xf0,
    0x0, 0x7, 0xff, 0xff, 0xf0, 0x0, 0x0, 0x0,
    0x0, 0x0, 0x0, 0x0, 0x0, 0x0, 0x0, 0x0,
    0x0, 0x0, 0x0, 0x0, 0x0, 0x0, 0x0, 0x0,
    0x0, 0x0, 0x0, 0x0, 0x0, 0x0, 0x0, 0x0,
    0x0, 0x0, 0x0, 0x0, 0x0, 0x0, 0x0, 0x0,
    0x0, 0x0, 0x0, 0x0, 0x0, 0x0, 0x0, 0x0,
    0x0, 0x0, 0x0, 0x0, 0x0, 0x0, 0x0, 0x0,
    0x0, 0x0, 0x0, 0x0, 0x0, 0x0, 0x0, 0x0,
    0x0, 0x0, 0x0, 0x0, 0x0, 0x0, 0x0, 0x0,
    0x0, 0x0, 0x0, 0x0, 0x0, 0x0, 0x0, 0x0,
    0x0, 0x0, 0x0, 0x0, 0x0, 0x0, 0x0, 0x0,
    0x0, 0x0, 0x0, 0x0, 0x0, 0x0, 0x0, 0x0,
    0x0, 0x0, 0x0, 0x0, 0x0, 0x0, 0x0, 0x0,
    0x1f, 0xff, 0xfc, 0x0, 0x0, 0x1f, 0xff, 0xff,
    0x0, 0x0, 0x1f, 0xff, 0xff, 0xc0, 0x0, 0x1f,
    0xff, 0xff, 0xf0, 0x0, 0x3f, 0xff, 0xff, 0xfc,
    0x0, 0x3f, 0xff, 0xff, 0xff, 0x0, 0x3f, 0xff,
    0xff, 0xff, 0xe0, 0x3f, 0xff, 0xff, 0xff, 0xf0,
    0xf, 0xff, 0xff, 0xff, 0xf0, 0x0,

    /* U+0027 "'" */
    0x60, 0x3c, 0xf, 0x83, 0xf0, 0xfe, 0x3f, 0xcf,
    0xfb, 0xff, 0xff, 0xff, 0xff, 0xff, 0xff, 0xff,
    0xff, 0xff, 0xff, 0xff, 0xff, 0xff, 0xff, 0xff,
    0xff, 0xff, 0xff, 0xef, 0xf3, 0xf8, 0xfc, 0x1e,
    0x3, 0x0,

    /* U+0028 "(" */
    0x7, 0xff, 0xff, 0xff, 0xf0, 0xf, 0xff, 0xff,
    0xff, 0xfc, 0x3, 0xff, 0xff, 0xff, 0xfe, 0x8,
    0xff, 0xff, 0xff, 0xfe, 0x2e, 0x3f, 0xff, 0xff,
    0xfc, 0x3f, 0xc7, 0xff, 0xff, 0xfc, 0x7f, 0xf1,
    0xff, 0xff, 0xfc, 0x7f, 0xfc, 0x7f, 0xff, 0xfc,
    0x7f, 0xff, 0x1f, 0xff, 0xfc, 0x7f, 0xff, 0xc0,
    0x0, 0x0, 0x7f, 0xff, 0xf0, 0x0, 0x0, 0x7f,
    0xff, 0xf8, 0x0, 0x0, 0x3f, 0xff, 0xfc, 0x0,
    0x0, 0x1f, 0xff, 0xfe, 0x0, 0x0, 0xf, 0xff,
    0xff, 0x0, 0x0, 0x7, 0xfe, 0x0, 0x0, 0x0,
    0x3, 0xff, 0x0, 0x0, 0x0, 0x1, 0xff, 0x80,
    0x0, 0x0, 0x0, 0xff, 0xc0, 0x0, 0x0, 0x0,
    0x7f, 0xe0, 0x0, 0x0, 0x0, 0x3f, 0xf0, 0x0,
    0x0, 0x0, 0x1f, 0xf8, 0x0, 0x0, 0x0, 0xf,
    0xfc, 0x0, 0x0, 0x0, 0x7, 0xfe, 0x0, 0x0,
    0x0, 0x3, 0xff, 0x0, 0x0, 0x0, 0x1, 0xff,
    0x80, 0x0, 0x0, 0x0, 0x7f, 0xc0, 0x0, 0x0,
    0x0, 0x1f, 0xe0, 0x0, 0x0, 0x0, 0x7, 0xf0,
    0x7, 0xff, 0xff, 0xf1, 0xf8, 0x7, 0xff, 0xff,
    0xfc, 0x70, 0x7, 0xff, 0xff, 0xff, 0x10, 0x7,
    0xff, 0xff, 0xff, 0xc0, 0x7, 0xff, 0xff, 0xff,
    0xf0, 0x1, 0xff, 0xff, 0xff, 0xf0, 0x0, 0x7f,
    0xff, 0xff, 0xf0, 0x0, 0x1f, 0xff, 0xff, 0xf0,
    0x0, 0x7, 0xff, 0xff, 0xf0, 0x0, 0x0, 0x0,
    0x0, 0x0, 0x0, 0x0, 0x0, 0x0, 0x0, 0x0,
    0x0, 0x0, 0x0, 0x0, 0x0, 0x0, 0x0, 0x0,
    0x0, 0x0, 0x0, 0x0, 0x0, 0x0, 0x0, 0x0,
    0x0, 0x0, 0x0, 0x0, 0x0, 0x0, 0x0, 0x0,
    0x0, 0x0, 0x0, 0x0, 0x0, 0x0, 0x0, 0x0,
    0x0, 0x0, 0x0, 0x0, 0x0, 0x0, 0x0, 0x0,
    0x0, 0x0, 0x0, 0x0, 0x0, 0x0, 0x0, 0x0,
    0x0, 0x0, 0x0, 0x0, 0x0, 0x0, 0x0, 0x0,
    0x0, 0x0, 0x0, 0x0, 0x0, 0x0, 0x0, 0x0,
    0x0, 0x0, 0x0, 0x0, 0x0, 0x0, 0x0, 0x0,
    0x0, 0x0, 0x0, 0x0, 0x0, 0x0, 0x0, 0x0,
    0x0, 0x0, 0x0, 0x0, 0x0, 0x0, 0x0, 0x0,
    0x1f, 0xff, 0xfc, 0x0, 0x0, 0x1f, 0xff, 0xff,
    0x0, 0x0, 0x1f, 0xff, 0xff, 0xc0, 0x0, 0x1f,
    0xff, 0xff, 0xf0, 0x0, 0x3f, 0xff, 0xff, 0xfc,
    0x0, 0x3f, 0xff, 0xff, 0xff, 0x0, 0x3f, 0xff,
    0xff, 0xff, 0xe0, 0x3f, 0xff, 0xff, 0xff, 0xf0,
    0xf, 0xff, 0xff, 0xff, 0xf0, 0x0,

    /* U+0029 ")" */
    0x7, 0xff, 0xff, 0xff, 0xf0, 0xf, 0xff, 0xff,
    0xff, 0xfc, 0x3, 0xff, 0xff, 0xff, 0xfe, 0x8,
    0xff, 0xff, 0xff, 0xfe, 0x2e, 0x3f, 0xff, 0xff,
    0xfc, 0x3f, 0xc7, 0xff, 0xff, 0xfc, 0x7f, 0xf1,
    0xff, 0xff, 0xfc, 0x7f, 0xfc, 0x7f, 0xff, 0xfc,
    0x7f, 0xff, 0x1f, 0xff, 0xfc, 0x7f, 0xff, 0xc0,
    0x0, 0x0, 0x7f, 0xff, 0xf0, 0x0, 0x0, 0x7f,
    0xff, 0xf8, 0x0, 0x0, 0x3f, 0xff, 0xfc, 0x0,
    0x0, 0x1f, 0xff, 0xfe, 0x0, 0x0, 0xf, 0xff,
    0xff, 0x0, 0x0, 0x7, 0xfe, 0x0, 0x0, 0x0,
    0x3, 0xff, 0x0, 0x0, 0x0, 0x1, 0xff, 0x80,
    0x0, 0x0, 0x0, 0xff, 0xc0, 0x0, 0x0, 0x0,
    0x7f, 0xe0, 0x0, 0x0, 0x0, 0x3f, 0xf0, 0x0,
    0x0, 0x0, 0x1f, 0xf8, 0x0, 0x0, 0x0, 0xf,
    0xfc, 0x0, 0x0, 0x0, 0x7, 0xfe, 0x0, 0x0,
    0x0, 0x3, 0xff, 0x0, 0x0, 0x0, 0x1, 0xff,
    0x80, 0x0, 0x0, 0x0, 0x7f, 0xc0, 0x0, 0x0,
    0x0, 0x1f, 0xe0, 0x0, 0x0, 0x0, 0x7, 0xf0,
    0x7, 0xff, 0xff, 0xf1, 0xf8, 0x7, 0xff, 0xff,
    0xfc, 0x70, 0x7, 0xff, 0xff, 0xff, 0x10, 0x7,
    0xff, 0xff, 0xff, 0xc0, 0x7, 0xff, 0xff, 0xff,
    0xf0, 0x1, 0xff, 0xff, 0xff, 0xf0, 0x0, 0x7f,
    0xff, 0xff, 0xf0, 0x0, 0x1f, 0xff, 0xff, 0xf0,
    0x0, 0x7, 0xff, 0xff, 0xf0, 0x0, 0x0, 0x0,
    0x0, 0x0, 0x0, 0x0, 0x0, 0x0, 0x0, 0x0,
    0x0, 0x0, 0x0, 0x0, 0x0, 0x0, 0x0, 0x0,
    0x0, 0x0, 0x0, 0x0, 0x0, 0x0, 0x0, 0x0,
    0x0, 0x0, 0x0, 0x0, 0x0, 0x0, 0x0, 0x0,
    0x0, 0x0, 0x0, 0x0, 0x0, 0x0, 0x0, 0x0,
    0x0, 0x0, 0x0, 0x0, 0x0, 0x0, 0x0, 0x0,
    0x0, 0x0, 0x0, 0x0, 0x0, 0x0, 0x0, 0x0,
    0x0, 0x0, 0x0, 0x0, 0x0, 0x0, 0x0, 0x0,
    0x0, 0x0, 0x0, 0x0, 0x0, 0x0, 0x0, 0x0,
    0x0, 0x0, 0x0, 0x0, 0x0, 0x0, 0x0, 0x0,
    0x0, 0x0, 0x0, 0x0, 0x0, 0x0, 0x0, 0x0,
    0x0, 0x0, 0x0, 0x0, 0x0, 0x0, 0x0, 0x0,
    0x1f, 0xff, 0xfc, 0x0, 0x0, 0x1f, 0xff, 0xff,
    0x0, 0x0, 0x1f, 0xff, 0xff, 0xc0, 0x0, 0x1f,
    0xff, 0xff, 0xf0, 0x0, 0x3f, 0xff, 0xff, 0xfc,
    0x0, 0x3f, 0xff, 0xff, 0xff, 0x0, 0x3f, 0xff,
    0xff, 0xff, 0xe0, 0x3f, 0xff, 0xff, 0xff, 0xf0,
    0xf, 0xff, 0xff, 0xff, 0xf0, 0x0,

    /* U+002A "*" */
    0x7, 0xff, 0xff, 0xff, 0xf0, 0xf, 0xff, 0xff,
    0xff, 0xfc, 0x3, 0xff, 0xff, 0xff, 0xfe, 0x8,
    0xff, 0xff, 0xff, 0xfe, 0x2e, 0x3f, 0xff, 0xff,
    0xfc, 0x3f, 0xc7, 0xff, 0xff, 0xfc, 0x7f, 0xf1,
    0xff, 0xff, 0xfc, 0x7f, 0xfc, 0x7f, 0xff, 0xfc,
    0x7f, 0xff, 0x1f, 0xff, 0xfc, 0x7f, 0xff, 0xc0,
    0x0, 0x0, 0x7f, 0xff, 0xf0, 0x0, 0x0, 0x7f,
    0xff, 0xf8, 0x0, 0x0, 0x3f, 0xff, 0xfc, 0x0,
    0x0, 0x1f, 0xff, 0xfe, 0x0, 0x0, 0xf, 0xff,
    0xff, 0x0, 0x0, 0x7, 0xfe, 0x0, 0x0, 0x0,
    0x3, 0xff, 0x0, 0x0, 0x0, 0x1, 0xff, 0x80,
    0x0, 0x0, 0x0, 0xff, 0xc0, 0x0, 0x0, 0x0,
    0x7f, 0xe0, 0x0, 0x0, 0x0, 0x3f, 0xf0, 0x0,
    0x0, 0x0, 0x1f, 0xf8, 0x0, 0x0, 0x0, 0xf,
    0xfc, 0x0, 0x0, 0x0, 0x7, 0xfe, 0x0, 0x0,
    0x0, 0x3, 0xff, 0x0, 0x0, 0x0, 0x1, 0xff,
    0x80, 0x0, 0x0, 0x0, 0x7f, 0xc0, 0x0, 0x0,
    0x0, 0x1f, 0xe0, 0x0, 0x0, 0x0, 0x7, 0xf0,
    0x7, 0xff, 0xff, 0xf1, 0xf8, 0x7, 0xff, 0xff,
    0xfc, 0x70, 0x7, 0xff, 0xff, 0xff, 0x10, 0x7,
    0xff, 0xff, 0xff, 0xc0, 0x7, 0xff, 0xff, 0xff,
    0xf0, 0x1, 0xff, 0xff, 0xff, 0xf0, 0x0, 0x7f,
    0xff, 0xff, 0xf0, 0x0, 0x1f, 0xff, 0xff, 0xf0,
    0x0, 0x7, 0xff, 0xff, 0xf0, 0x0, 0x0, 0x0,
    0x0, 0x0, 0x0, 0x0, 0x0, 0x0, 0x0, 0x0,
    0x0, 0x0, 0x0, 0x0, 0x0, 0x0, 0x0, 0x0,
    0x0, 0x0, 0x0, 0x0, 0x0, 0x0, 0x0, 0x0,
    0x0, 0x0, 0x0, 0x0, 0x0, 0x0, 0x0, 0x0,
    0x0, 0x0, 0x0, 0x0, 0x0, 0x0, 0x0, 0x0,
    0x0, 0x0, 0x0, 0x0, 0x0, 0x0, 0x0, 0x0,
    0x0, 0x0, 0x0, 0x0, 0x0, 0x0, 0x0, 0x0,
    0x0, 0x0, 0x0, 0x0, 0x0, 0x0, 0x0, 0x0,
    0x0, 0x0, 0x0, 0x0, 0x0, 0x0, 0x0, 0x0,
    0x0, 0x0, 0x0, 0x0, 0x0, 0x0, 0x0, 0x0,
    0x0, 0x0, 0x0, 0x0, 0x0, 0x0, 0x0, 0x0,
    0x0, 0x0, 0x0, 0x0, 0x0, 0x0, 0x0, 0x0,
    0x1f, 0xff, 0xfc, 0x0, 0x0, 0x1f, 0xff, 0xff,
    0x0, 0x0, 0x1f, 0xff, 0xff, 0xc0, 0x0, 0x1f,
    0xff, 0xff, 0xf0, 0x0, 0x3f, 0xff, 0xff, 0xfc,
    0x0, 0x3f, 0xff, 0xff, 0xff, 0x0, 0x3f, 0xff,
    0xff, 0xff, 0xe0, 0x3f, 0xff, 0xff, 0xff, 0xf0,
    0xf, 0xff, 0xff, 0xff, 0xf0, 0x0,

    /* U+002B "+" */
    0x0, 0x0, 0xfc, 0x0, 0x0, 0x0, 0x1, 0xf8,
    0x0, 0x0, 0x0, 0x3, 0xf0, 0x0, 0x0, 0x0,
    0x7, 0xe0, 0x0, 0x0, 0x0, 0xf, 0xc0, 0x0,
    0x0, 0x0, 0x1f, 0x80, 0x0, 0x0, 0x0, 0x3f,
    0x0, 0x0, 0x0, 0x0, 0x7e, 0x0, 0x0, 0x0,
    0x0, 0xfc, 0x0, 0x0, 0x0, 0x1, 0xf8, 0x0,
    0x0, 0x0, 0x3, 0xf0, 0x0, 0x0, 0x0, 0x7,
    0xe0, 0x0, 0x0, 0x0, 0xf, 0xc0, 0x0, 0x0,
    0x0, 0x1f, 0x80, 0x0, 0x0, 0x0, 0x3f, 0x0,
    0x0, 0x0, 0x0, 0x7e, 0x0, 0x0, 0x0, 0x0,
    0xfc, 0x0, 0x1, 0xff, 0xff, 0xff, 0xff, 0xff,
    0xff, 0xff, 0xff, 0xff, 0xff, 0xff, 0xff, 0xff,
    0xff, 0xff, 0xff, 0xff, 0xff, 0xff, 0xff, 0xff,
    0xff, 0xff, 0xff, 0xff, 0xff, 0xff, 0xff, 0xff,
    0x80, 0x0, 0x7e, 0x0, 0x0, 0x0, 0x0, 0xfc,
    0x0, 0x0, 0x0, 0x1, 0xf8, 0x0, 0x0, 0x0,
    0x3, 0xf0, 0x0, 0x0, 0x0, 0x7, 0xe0, 0x0,
    0x0, 0x0, 0xf, 0xc0, 0x0, 0x0, 0x0, 0x1f,
    0x80, 0x0, 0x0, 0x0, 0x3f, 0x0, 0x0, 0x0,
    0x0, 0x7e, 0x0, 0x0, 0x0, 0x0, 0xfc, 0x0,
    0x0, 0x0, 0x1, 0xf8, 0x0, 0x0, 0x0, 0x3,
    0xf0, 0x0, 0x0, 0x0, 0x7, 0xe0, 0x0, 0x0,
    0x0, 0xf, 0xc0, 0x0, 0x0, 0x0, 0x1f, 0x80,
    0x0, 0x0, 0x0, 0x3f, 0x0, 0x0, 0x0, 0x0,
    0x7e, 0x0, 0x0,

    /* U+002C "," */
    0x30, 0x1e, 0xf, 0xc3, 0xf8, 0xff, 0x3f, 0xef,
    0xff, 0xff, 0xff, 0xff, 0xff, 0xff, 0xff, 0xff,
    0xff, 0xff, 0xff, 0xff, 0xff, 0xff, 0xff, 0xff,
    0xff, 0xff, 0xbf, 0xcf, 0xe3, 0xf0, 0xf8, 0x3c,
    0x6, 0x0, 0x0,

    /* U+002D "-" */
    0xf, 0xff, 0xff, 0xe0, 0x3f, 0xff, 0xff, 0xe0,
    0xff, 0xff, 0xff, 0xe3, 0xff, 0xff, 0xff, 0xef,
    0xff, 0xff, 0xff, 0xef, 0xff, 0xff, 0xff, 0x8f,
    0xff, 0xff, 0xfe, 0xf, 0xff, 0xff, 0xf8, 0xf,
    0xff, 0xff, 0xe0,

    /* U+002E "." */
    0xff, 0xff, 0xff, 0xff, 0xff, 0xff, 0xff, 0xff,
    0xff, 0xff, 0xff, 0xc0,

    /* U+002F "/" */
    0x0, 0x0, 0x0, 0x0, 0x7f, 0x0, 0x0, 0x0,
    0x0, 0xff, 0x0, 0x0, 0x0, 0x1, 0xff, 0x0,
    0x0, 0x0, 0x3, 0xff, 0x0, 0x0, 0x0, 0xf,
    0xff, 0x0, 0x0, 0x0, 0x1f, 0xff, 0x0, 0x0,
    0x0, 0x3f, 0xff, 0x0, 0x0, 0x0, 0x7f, 0xfe,
    0x0, 0x0, 0x0, 0xff, 0xfc, 0x0, 0x0, 0x1,
    0xff, 0xf8, 0x0, 0x0, 0x3, 0xff, 0xf0, 0x0,
    0x0, 0x7, 0xff, 0xe0, 0x0, 0x0, 0xf, 0xff,
    0xc0, 0x0, 0x0, 0x1f, 0xff, 0x80, 0x0, 0x0,
    0x3f, 0xff, 0x0, 0x0, 0x0, 0x7f, 0xfe, 0x0,
    0x0, 0x0, 0xff, 0xfc, 0x0, 0x0, 0x1, 0xff,
    0xf8, 0x0, 0x0, 0x3, 0xff, 0xf0, 0x0, 0x0,
    0x3, 0xff, 0xe0, 0x0, 0x0, 0x7, 0xff, 0xc0,
    0x0, 0x0, 0xf, 0xff, 0x80, 0x0, 0x0, 0x1f,
    0xff, 0x0, 0x0, 0x0, 0x3f, 0xfe, 0x0, 0x0,
    0x0, 0x7f, 0xfc, 0x0, 0x0, 0x0, 0xff, 0xf8,
    0x0, 0x0, 0x1, 0xff, 0xf0, 0x0, 0x0, 0x3,
    0xff, 0xe0, 0x0, 0x0, 0x7, 0xff, 0xc0, 0x0,
    0x0, 0xf, 0xff, 0x80, 0x0, 0x0, 0x1f, 0xff,
    0x0, 0x0, 0x0, 0x3f, 0xfe, 0x0, 0x0, 0x0,
    0x7f, 0xfc, 0x0, 0x0, 0x0, 0xff, 0xf8, 0x0,
    0x0, 0x0, 0xff, 0xf0, 0x0, 0x0, 0x0, 0xff,
    0xe0, 0x0, 0x0, 0x0, 0xff, 0xc0, 0x0, 0x0,
    0x0, 0xff, 0x80, 0x0, 0x0, 0x0, 0xff, 0x0,
    0x0, 0x0, 0x0, 0xfe, 0x0, 0x0, 0x0, 0x0,

    /* U+0030 "0" */
    0x7, 0xff, 0xff, 0xff, 0xf0, 0x7, 0xff, 0xff,
    0xff, 0xfc, 0x3, 0xff, 0xff, 0xff, 0xfe, 0x8,
    0xff, 0xff, 0xff, 0xfe, 0x2f, 0x1f, 0xff, 0xff,
    0xfc, 0x3f, 0xc7, 0xff, 0xff, 0xfc, 0x7f, 0xf1,
    0xff, 0xff, 0xfc, 0x7f, 0xfc, 0x7f, 0xff, 0xfc,
    0x7f, 0xff, 0x1f, 0xff, 0xfc, 0x7f, 0xff, 0xc0,
    0x0, 0x0, 0x7f, 0xff, 0xf0, 0x0, 0x0, 0x7f,
    0xff, 0xf8, 0x0, 0x0, 0x3f, 0xff, 0xfc, 0x0,
    0x0, 0x1f, 0xff, 0xfe, 0x0, 0x0, 0xf, 0xff,
    0xff, 0x0, 0x0, 0x7, 0xff, 0xff, 0x80, 0x0,
    0x3, 0xff, 0xff, 0xc0, 0x0, 0x1, 0xff, 0xff,
    0xe0, 0x0, 0x0, 0xff, 0xff, 0xf0, 0x0, 0x0,
    0x7f, 0xff, 0xf8, 0x0, 0x0, 0x3f, 0xff, 0xfc,
    0x0, 0x0, 0x1f, 0xff, 0xfe, 0x0, 0x0, 0xf,
    0xff, 0xff, 0x0, 0x0, 0x7, 0xff, 0xff, 0x80,
    0x0, 0x3, 0xff, 0xff, 0x80, 0x0, 0x0, 0xff,
    0xff, 0xc0, 0x0, 0x0, 0x3f, 0xff, 0x80, 0x0,
    0x0, 0x1f, 0xff, 0x80, 0x0, 0x0, 0x7, 0xf7,
    0x80, 0x0, 0x0, 0x1, 0xf1, 0x80, 0x0, 0x0,
    0x0, 0x70, 0x0, 0x0, 0x0, 0x0, 0x0, 0x0,
    0x0, 0x0, 0x0, 0x0, 0x0, 0x0, 0x0, 0x0,
    0x0, 0x0, 0x0, 0x0, 0x0, 0x0, 0x0, 0x0,
    0x0, 0x0, 0x0, 0x6, 0x0, 0x0, 0x0, 0x0,
    0xc7, 0x80, 0x0, 0x0, 0x0, 0xf7, 0xe0, 0x0,
    0x0, 0x0, 0xff, 0xf8, 0x0, 0x0, 0x0, 0xff,
    0xfe, 0x0, 0x0, 0x1, 0xff, 0xff, 0x80, 0x0,
    0x1, 0xff, 0xff, 0xe0, 0x0, 0x0, 0xff, 0xff,
    0xf0, 0x0, 0x0, 0x7f, 0xff, 0xf8, 0x0, 0x0,
    0x3f, 0xff, 0xfc, 0x0, 0x0, 0x1f, 0xff, 0xfe,
    0x0, 0x0, 0xf, 0xff, 0xff, 0x0, 0x0, 0x7,
    0xff, 0xff, 0x80, 0x0, 0x3, 0xff, 0xff, 0xc0,
    0x0, 0x1, 0xff, 0xff, 0xe0, 0x0, 0x0, 0xff,
    0xff, 0xf0, 0x0, 0x0, 0x7f, 0xff, 0xf8, 0x0,
    0x0, 0x3f, 0xff, 0xfc, 0x0, 0x0, 0x1f, 0xff,
    0xfe, 0x0, 0x0, 0xf, 0xff, 0xff, 0x0, 0x0,
    0x7, 0xff, 0xff, 0x0, 0x0, 0x1, 0xff, 0xff,
    0x1f, 0xff, 0xfc, 0x7f, 0xff, 0x1f, 0xff, 0xff,
    0x1f, 0xff, 0x1f, 0xff, 0xff, 0xc7, 0xfe, 0x1f,
    0xff, 0xff, 0xf1, 0xfe, 0x1f, 0xff, 0xff, 0xfc,
    0x3a, 0x3f, 0xff, 0xff, 0xff, 0x8, 0x3f, 0xff,
    0xff, 0xff, 0xe0, 0x1f, 0xff, 0xff, 0xff, 0xf0,
    0x7, 0xff, 0xff, 0xff, 0xf0, 0x0,

    /* U+0031 "1" */
    0xff, 0xfe, 0xf, 0xff, 0xf0, 0xff, 0xfe, 0xf,
    0xff, 0xc2, 0xff, 0xf8, 0xff, 0xff, 0x1f, 0xff,
    0xe3, 0xff, 0xfc, 0x7f, 0xff, 0x8f, 0xf0, 0x1,
    0xff, 0x0, 0x3f, 0xf0, 0x3, 0xff, 0x0, 0x3f,
    0xf0, 0x3, 0xff, 0x0, 0x3f, 0xf0, 0x3, 0xff,
    0x0, 0x3f, 0xf0, 0x3, 0xff, 0x0, 0x3f, 0xf0,
    0x3, 0xff, 0x0, 0x3f, 0xf0, 0x3, 0xff, 0x0,
    0x3f, 0xf0, 0x3, 0xff, 0x0, 0x1f, 0xf0, 0x0,
    0xff, 0x0, 0x7, 0xf0, 0x0, 0x3f, 0x0, 0x1,
    0xe0, 0x0, 0xc, 0x0, 0x0, 0x0, 0x0, 0x0,
    0x0, 0x0, 0x0, 0x0, 0x0, 0x0, 0x0, 0xc0,
    0x0, 0x1e, 0x0, 0x3, 0xf0, 0x0, 0x7f, 0x0,
    0xf, 0xf0, 0x1, 0xff, 0x0, 0x3f, 0xf0, 0x3,
    0xff, 0x0, 0x3f, 0xf0, 0x3, 0xff, 0x0, 0x3f,
    0xf0, 0x3, 0xff, 0x0, 0x3f, 0xf0, 0x3, 0xff,
    0x0, 0x3f, 0xf0, 0x3, 0xff, 0x0, 0x3f, 0xf0,
    0x3, 0xff, 0x0, 0x3f, 0xf0, 0x3, 0xff, 0x0,
    0x1f, 0xf0, 0x0, 0xff, 0x0, 0x7, 0xf0, 0x0,
    0x3f, 0x0, 0x1, 0xf0, 0x0, 0xf, 0x0, 0x0,
    0x60, 0x0, 0x0,

    /* U+0032 "2" */
    0x7, 0xff, 0xff, 0xff, 0xf0, 0xf, 0xff, 0xff,
    0xff, 0xfc, 0x3, 0xff, 0xff, 0xff, 0xfe, 0x8,
    0xff, 0xff, 0xff, 0xfe, 0x2e, 0x3f, 0xff, 0xff,
    0xfc, 0x3f, 0xc7, 0xff, 0xff, 0xfc, 0x7f, 0xf1,
    0xff, 0xff, 0xfc, 0x7f, 0xfc, 0x7f, 0xff, 0xfc,
    0x7f, 0xff, 0x1f, 0xff, 0xfc, 0x7f, 0xff, 0xc0,
    0x0, 0x0, 0x7f, 0xff, 0xf0, 0x0, 0x0, 0x7f,
    0xff, 0xf8, 0x0, 0x0, 0x3f, 0xff, 0xfc, 0x0,
    0x0, 0x1f, 0xff, 0xfe, 0x0, 0x0, 0xf, 0xff,
    0xff, 0x0, 0x0, 0x7, 0xfe, 0x0, 0x0, 0x0,
    0x3, 0xff, 0x0, 0x0, 0x0, 0x1, 0xff, 0x80,
    0x0, 0x0, 0x0, 0xff, 0xc0, 0x0, 0x0, 0x0,
    0x7f, 0xe0, 0x0, 0x0, 0x0, 0x3f, 0xf0, 0x0,
    0x0, 0x0, 0x1f, 0xf8, 0x0, 0x0, 0x0, 0xf,
    0xfc, 0x0, 0x0, 0x0, 0x7, 0xfe, 0x0, 0x0,
    0x0, 0x3, 0xff, 0x0, 0x0, 0x0, 0x1, 0xff,
    0x80, 0x0, 0x0, 0x0, 0x7f, 0xc0, 0x0, 0x0,
    0x0, 0x1f, 0xe0, 0x0, 0x0, 0x0, 0x7, 0xf0,
    0x7, 0xff, 0xff, 0xf1, 0xf8, 0x7, 0xff, 0xff,
    0xfc, 0x70, 0x7, 0xff, 0xff, 0xff, 0x10, 0x7,
    0xff, 0xff, 0xff, 0xc0, 0x7, 0xff, 0xff, 0xff,
    0xf0, 0x1, 0xff, 0xff, 0xff, 0xf0, 0x4, 0x7f,
    0xff, 0xff, 0xf0, 0xf, 0x1f, 0xff, 0xff, 0xf0,
    0xf, 0xc7, 0xff, 0xff, 0xf0, 0x7, 0xf0, 0x0,
    0x0, 0x0, 0x3, 0xfc, 0x0, 0x0, 0x0, 0x1,
    0xff, 0x0, 0x0, 0x0, 0x0, 0xff, 0xc0, 0x0,
    0x0, 0x0, 0x7f, 0xe0, 0x0, 0x0, 0x0, 0x3f,
    0xf0, 0x0, 0x0, 0x0, 0x1f, 0xf8, 0x0, 0x0,
    0x0, 0xf, 0xfc, 0x0, 0x0, 0x0, 0x7, 0xfe,
    0x0, 0x0, 0x0, 0x3, 0xff, 0x0, 0x0, 0x0,
    0x1, 0xff, 0x80, 0x0, 0x0, 0x0, 0xff, 0xc0,
    0x0, 0x0, 0x0, 0x7f, 0xe0, 0x0, 0x0, 0x0,
    0x3f, 0xf0, 0x0, 0x0, 0x0, 0x1f, 0xf8, 0x0,
    0x0, 0x0, 0xf, 0xfc, 0x0, 0x0, 0x0, 0x7,
    0xfe, 0x0, 0x0, 0x0, 0x3, 0xff, 0x0, 0x0,
    0x0, 0x1, 0xff, 0x0, 0x0, 0x0, 0x0, 0xff,
    0x1f, 0xff, 0xfc, 0x0, 0x7f, 0x1f, 0xff, 0xff,
    0x0, 0x3f, 0x1f, 0xff, 0xff, 0xc0, 0x1e, 0x1f,
    0xff, 0xff, 0xf0, 0xe, 0x3f, 0xff, 0xff, 0xfc,
    0x2, 0x3f, 0xff, 0xff, 0xff, 0x0, 0x3f, 0xff,
    0xff, 0xff, 0xe0, 0x3f, 0xff, 0xff, 0xff, 0xf0,
    0xf, 0xff, 0xff, 0xff, 0xf0, 0x0,

    /* U+0033 "3" */
    0x7, 0xff, 0xff, 0xff, 0xf0, 0xf, 0xff, 0xff,
    0xff, 0xfc, 0x3, 0xff, 0xff, 0xff, 0xfe, 0x8,
    0xff, 0xff, 0xff, 0xfe, 0x2e, 0x3f, 0xff, 0xff,
    0xfc, 0x3f, 0xc7, 0xff, 0xff, 0xfc, 0x7f, 0xf1,
    0xff, 0xff, 0xfc, 0x7f, 0xfc, 0x7f, 0xff, 0xfc,
    0x7f, 0xff, 0x1f, 0xff, 0xfc, 0x7f, 0xff, 0xc0,
    0x0, 0x0, 0x7f, 0xff, 0xf0, 0x0, 0x0, 0x7f,
    0xff, 0xf8, 0x0, 0x0, 0x3f, 0xff, 0xfc, 0x0,
    0x0, 0x1f, 0xff, 0xfe, 0x0, 0x0, 0xf, 0xff,
    0xff, 0x0, 0x0, 0x7, 0xfe, 0x0, 0x0, 0x0,
    0x3, 0xff, 0x0, 0x0, 0x0, 0x1, 0xff, 0x80,
    0x0, 0x0, 0x0, 0xff, 0xc0, 0x0, 0x0, 0x0,
    0x7f, 0xe0, 0x0, 0x0, 0x0, 0x3f, 0xf0, 0x0,
    0x0, 0x0, 0x1f, 0xf8, 0x0, 0x0, 0x0, 0xf,
    0xfc, 0x0, 0x0, 0x0, 0x7, 0xfe, 0x0, 0x0,
    0x0, 0x3, 0xff, 0x0, 0x0, 0x0, 0x1, 0xff,
    0x80, 0x0, 0x0, 0x0, 0x7f, 0xc0, 0x0, 0x0,
    0x0, 0x1f, 0xe0, 0x0, 0x0, 0x0, 0x7, 0xf0,
    0x7, 0xff, 0xff, 0xf1, 0xf8, 0x7, 0xff, 0xff,
    0xfc, 0x70, 0x7, 0xff, 0xff, 0xff, 0x10, 0x7,
    0xff, 0xff, 0xff, 0xc0, 0x7, 0xff, 0xff, 0xff,
    0xf0, 0x1, 0xff, 0xff, 0xff, 0xf0, 0x0, 0x7f,
    0xff, 0xff, 0xf1, 0x80, 0x1f, 0xff, 0xff, 0xf1,
    0xe0, 0x7, 0xff, 0xff, 0xf1, 0xf8, 0x0, 0x0,
    0x0, 0x1, 0xfc, 0x0, 0x0, 0x0, 0x1, 0xfe,
    0x0, 0x0, 0x0, 0x1, 0xff, 0x0, 0x0, 0x0,
    0x1, 0xff, 0x80, 0x0, 0x0, 0x0, 0xff, 0xc0,
    0x0, 0x0, 0x0, 0x7f, 0xe0, 0x0, 0x0, 0x0,
    0x3f, 0xf0, 0x0, 0x0, 0x0, 0x1f, 0xf8, 0x0,
    0x0, 0x0, 0xf, 0xfc, 0x0, 0x0, 0x0, 0x7,
    0xfe, 0x0, 0x0, 0x0, 0x3, 0xff, 0x0, 0x0,
    0x0, 0x1, 0xff, 0x80, 0x0, 0x0, 0x0, 0xff,
    0xff, 0xf0, 0x0, 0x0, 0x7f, 0xff, 0xf8, 0x0,
    0x0, 0x3f, 0xff, 0xfc, 0x0, 0x0, 0x1f, 0xff,
    0xfe, 0x0, 0x0, 0xf, 0xff, 0xff, 0x0, 0x0,
    0x7, 0xff, 0xff, 0x0, 0x0, 0x1, 0xff, 0xff,
    0x1f, 0xff, 0xfc, 0x7f, 0xfe, 0x1f, 0xff, 0xff,
    0x1f, 0xfe, 0x1f, 0xff, 0xff, 0xc7, 0xfe, 0x1f,
    0xff, 0xff, 0xf0, 0xfe, 0x3f, 0xff, 0xff, 0xfc,
    0x3a, 0x3f, 0xff, 0xff, 0xff, 0x8, 0x3f, 0xff,
    0xff, 0xff, 0xe0, 0x3f, 0xff, 0xff, 0xff, 0xf0,
    0xf, 0xff, 0xff, 0xff, 0xf0, 0x0,

    /* U+0034 "4" */
    0x0, 0x0, 0x0, 0x0, 0x1, 0x70, 0x0, 0x0,
    0x0, 0x1, 0xfc, 0x0, 0x0, 0x0, 0x1, 0xff,
    0x0, 0x0, 0x0, 0x1, 0xff, 0xc0, 0x0, 0x0,
    0x1, 0xff, 0xf0, 0x0, 0x0, 0x1, 0xff, 0xfc,
    0x0, 0x0, 0x1, 0xff, 0xff, 0x0, 0x0, 0x1,
    0xff, 0xff, 0xc0, 0x0, 0x1, 0xff, 0xff, 0xe0,
    0x0, 0x0, 0xff, 0xff, 0xf0, 0x0, 0x0, 0x7f,
    0xff, 0xf8, 0x0, 0x0, 0x3f, 0xff, 0xfc, 0x0,
    0x0, 0x1f, 0xff, 0xfe, 0x0, 0x0, 0xf, 0xff,
    0xff, 0x0, 0x0, 0x7, 0xff, 0xff, 0x80, 0x0,
    0x3, 0xff, 0xff, 0xc0, 0x0, 0x1, 0xff, 0xff,
    0xe0, 0x0, 0x0, 0xff, 0xff, 0xf0, 0x0, 0x0,
    0x7f, 0xff, 0xf8, 0x0, 0x0, 0x3f, 0xff, 0xfc,
    0x0, 0x0, 0x1f, 0xff, 0xfe, 0x0, 0x0, 0xf,
    0xff, 0xfe, 0x0, 0x0, 0x3, 0xff, 0xfe, 0x0,
    0x0, 0x0, 0xff, 0xfe, 0x0, 0x0, 0x0, 0x3f,
    0xfe, 0x3f, 0xff, 0xff, 0x8f, 0xde, 0x3f, 0xff,
    0xff, 0xe3, 0x80, 0x3f, 0xff, 0xff, 0xf8, 0x80,
    0x3f, 0xff, 0xff, 0xfe, 0x0, 0x3f, 0xff, 0xff,
    0xff, 0x80, 0xf, 0xff, 0xff, 0xff, 0x80, 0x3,
    0xff, 0xff, 0xff, 0x8c, 0x0, 0xff, 0xff, 0xff,
    0x8f, 0x0, 0x3f, 0xff, 0xff, 0x8f, 0xc0, 0x0,
    0x0, 0x0, 0xf, 0xe0, 0x0, 0x0, 0x0, 0xf,
    0xf0, 0x0, 0x0, 0x0, 0xf, 0xf8, 0x0, 0x0,
    0x0, 0xf, 0xfc, 0x0, 0x0, 0x0, 0x7, 0xfe,
    0x0, 0x0, 0x0, 0x3, 0xff, 0x0, 0x0, 0x0,
    0x1, 0xff, 0x80, 0x0, 0x0, 0x0, 0xff, 0xc0,
    0x0, 0x0, 0x0, 0x7f, 0xe0, 0x0, 0x0, 0x0,
    0x3f, 0xf0, 0x0, 0x0, 0x0, 0x1f, 0xf8, 0x0,
    0x0, 0x0, 0xf, 0xfc, 0x0, 0x0, 0x0, 0x7,
    0xfe, 0x0, 0x0, 0x0, 0x3, 0xff, 0x0, 0x0,
    0x0, 0x1, 0xff, 0x80, 0x0, 0x0, 0x0, 0xff,
    0xc0, 0x0, 0x0, 0x0, 0x7f, 0xe0, 0x0, 0x0,
    0x0, 0x1f, 0xf0, 0x0, 0x0, 0x0, 0x7, 0xf8,
    0x0, 0x0, 0x0, 0x1, 0xfc, 0x0, 0x0, 0x0,
    0x0, 0x7e, 0x0, 0x0, 0x0, 0x0, 0x1f, 0x0,
    0x0, 0x0, 0x0, 0x7, 0x80, 0x0, 0x0, 0x0,
    0x1, 0xc0, 0x0, 0x0, 0x0, 0x0, 0x0,

    /* U+0035 "5" */
    0x7, 0xff, 0xff, 0xff, 0xf0, 0x7, 0xff, 0xff,
    0xff, 0xfc, 0x3, 0xff, 0xff, 0xff, 0xfe, 0x8,
    0xff, 0xff, 0xff, 0xfe, 0xe, 0x1f, 0xff, 0xff,
    0xfc, 0x7, 0xc7, 0xff, 0xff, 0xfc, 0x3, 0xf1,
    0xff, 0xff, 0xfc, 0x1, 0xfc, 0x7f, 0xff, 0xfc,
    0x0, 0xff, 0x1f, 0xff, 0xfc, 0x0, 0x7f, 0xc0,
    0x0, 0x0, 0x0, 0x3f, 0xf0, 0x0, 0x0, 0x0,
    0x1f, 0xf8, 0x0, 0x0, 0x0, 0xf, 0xfc, 0x0,
    0x0, 0x0, 0x7, 0xfe, 0x0, 0x0, 0x0, 0x3,
    0xff, 0x0, 0x0, 0x0, 0x1, 0xff, 0x80, 0x0,
    0x0, 0x0, 0xff, 0xc0, 0x0, 0x0, 0x0, 0x7f,
    0xe0, 0x0, 0x0, 0x0, 0x3f, 0xf0, 0x0, 0x0,
    0x0, 0x1f, 0xf8, 0x0, 0x0, 0x0, 0xf, 0xfc,
    0x0, 0x0, 0x0, 0x7, 0xfe, 0x0, 0x0, 0x0,
    0x3, 0xff, 0x0, 0x0, 0x0, 0x1, 0xff, 0x80,
    0x0, 0x0, 0x0, 0xff, 0xc0, 0x0, 0x0, 0x0,
    0x7f, 0xc0, 0x0, 0x0, 0x0, 0x3f, 0xc0, 0x0,
    0x0, 0x0, 0x1f, 0xc0, 0x0, 0x0, 0x0, 0xf,
    0xc7, 0xff, 0xff, 0xf0, 0x3, 0xc7, 0xff, 0xff,
    0xfc, 0x0, 0x47, 0xff, 0xff, 0xff, 0x0, 0x7,
    0xff, 0xff, 0xff, 0xc0, 0x7, 0xff, 0xff, 0xff,
    0xf0, 0x1, 0xff, 0xff, 0xff, 0xf0, 0x0, 0x7f,
    0xff, 0xff, 0xf1, 0x80, 0x1f, 0xff, 0xff, 0xf1,
    0xe0, 0x7, 0xff, 0xff, 0xf1, 0xf8, 0x0, 0x0,
    0x0, 0x1, 0xfc, 0x0, 0x0, 0x0, 0x1, 0xfe,
    0x0, 0x0, 0x0, 0x1, 0xff, 0x0, 0x0, 0x0,
    0x1, 0xff, 0x80, 0x0, 0x0, 0x0, 0xff, 0xc0,
    0x0, 0x0, 0x0, 0x7f, 0xe0, 0x0, 0x0, 0x0,
    0x3f, 0xf0, 0x0, 0x0, 0x0, 0x1f, 0xf8, 0x0,
    0x0, 0x0, 0xf, 0xfc, 0x0, 0x0, 0x0, 0x7,
    0xfe, 0x0, 0x0, 0x0, 0x3, 0xff, 0x0, 0x0,
    0x0, 0x1, 0xff, 0x80, 0x0, 0x0, 0x0, 0xff,
    0xff, 0xf0, 0x0, 0x0, 0x7f, 0xff, 0xf8, 0x0,
    0x0, 0x3f, 0xff, 0xfc, 0x0, 0x0, 0x1f, 0xff,
    0xfe, 0x0, 0x0, 0xf, 0xff, 0xff, 0x0, 0x0,
    0x7, 0xff, 0xff, 0x0, 0x0, 0x1, 0xff, 0xff,
    0x1f, 0xff, 0xfc, 0x7f, 0xff, 0x1f, 0xff, 0xff,
    0x1f, 0xfe, 0x1f, 0xff, 0xff, 0xc7, 0xfe, 0x1f,
    0xff, 0xff, 0xf0, 0xfe, 0x1f, 0xff, 0xff, 0xfc,
    0x3a, 0x3f, 0xff, 0xff, 0xff, 0x8, 0x3f, 0xff,
    0xff, 0xff, 0xe0, 0x1f, 0xff, 0xff, 0xff, 0xf0,
    0x7, 0xff, 0xff, 0xff, 0xf0, 0x0,

    /* U+0036 "6" */
    0x7, 0xff, 0xff, 0xff, 0xf0, 0x7, 0xff, 0xff,
    0xff, 0xfc, 0x3, 0xff, 0xff, 0xff, 0xfe, 0x8,
    0xff, 0xff, 0xff, 0xfe, 0x2e, 0x1f, 0xff, 0xff,
    0xfc, 0x3f, 0xc7, 0xff, 0xff, 0xfc, 0x3f, 0xf1,
    0xff, 0xff, 0xfc, 0x7f, 0xfc, 0x7f, 0xff, 0xfc,
    0x7f, 0xff, 0x1f, 0xff, 0xfc, 0x7f, 0xff, 0xc0,
    0x0, 0x0, 0x7f, 0xff, 0xf0, 0x0, 0x0, 0x7f,
    0xff, 0xf8, 0x0, 0x0, 0x3f, 0xff, 0xfc, 0x0,
    0x0, 0x1f, 0xff, 0xfe, 0x0, 0x0, 0xf, 0xff,
    0xff, 0x0, 0x0, 0x7, 0xff, 0xff, 0x80, 0x0,
    0x0, 0x0, 0xff, 0xc0, 0x0, 0x0, 0x0, 0x7f,
    0xe0, 0x0, 0x0, 0x0, 0x3f, 0xf0, 0x0, 0x0,
    0x0, 0x1f, 0xf8, 0x0, 0x0, 0x0, 0xf, 0xfc,
    0x0, 0x0, 0x0, 0x7, 0xfe, 0x0, 0x0, 0x0,
    0x3, 0xff, 0x0, 0x0, 0x0, 0x1, 0xff, 0x80,
    0x0, 0x0, 0x0, 0xff, 0xc0, 0x0, 0x0, 0x0,
    0x7f, 0xc0, 0x0, 0x0, 0x0, 0x3f, 0xc0, 0x0,
    0x0, 0x0, 0x1f, 0xc0, 0x0, 0x0, 0x0, 0xf,
    0xc7, 0xff, 0xff, 0xf0, 0x3, 0xc7, 0xff, 0xff,
    0xfc, 0x0, 0x47, 0xff, 0xff, 0xff, 0x0, 0x7,
    0xff, 0xff, 0xff, 0xc0, 0x7, 0xff, 0xff, 0xff,
    0xf0, 0x1, 0xff, 0xff, 0xff, 0xf0, 0x4, 0x7f,
    0xff, 0xff, 0xf1, 0x8f, 0x1f, 0xff, 0xff, 0xf1,
    0xef, 0xc7, 0xff, 0xff, 0xf1, 0xff, 0xf0, 0x0,
    0x0, 0x1, 0xff, 0xfc, 0x0, 0x0, 0x1, 0xff,
    0xff, 0x0, 0x0, 0x1, 0xff, 0xff, 0xc0, 0x0,
    0x1, 0xff, 0xff, 0xe0, 0x0, 0x0, 0xff, 0xff,
    0xf0, 0x0, 0x0, 0x7f, 0xff, 0xf8, 0x0, 0x0,
    0x3f, 0xff, 0xfc, 0x0, 0x0, 0x1f, 0xff, 0xfe,
    0x0, 0x0, 0xf, 0xff, 0xff, 0x0, 0x0, 0x7,
    0xff, 0xff, 0x80, 0x0, 0x3, 0xff, 0xff, 0xc0,
    0x0, 0x1, 0xff, 0xff, 0xe0, 0x0, 0x0, 0xff,
    0xff, 0xf0, 0x0, 0x0, 0x7f, 0xff, 0xf8, 0x0,
    0x0, 0x3f, 0xff, 0xfc, 0x0, 0x0, 0x1f, 0xff,
    0xfe, 0x0, 0x0, 0xf, 0xff, 0xff, 0x0, 0x0,
    0x7, 0xff, 0xff, 0x0, 0x0, 0x1, 0xff, 0xff,
    0x1f, 0xff, 0xfc, 0x7f, 0xff, 0x1f, 0xff, 0xff,
    0x1f, 0xff, 0x1f, 0xff, 0xff, 0xc7, 0xfe, 0x1f,
    0xff, 0xff, 0xf0, 0xfe, 0x1f, 0xff, 0xff, 0xfc,
    0x3a, 0x3f, 0xff, 0xff, 0xff, 0x8, 0x3f, 0xff,
    0xff, 0xff, 0xe0, 0x1f, 0xff, 0xff, 0xff, 0xf0,
    0x7, 0xff, 0xff, 0xff, 0xf0, 0x0,

    /* U+0037 "7" */
    0x7, 0xff, 0xff, 0xff, 0xf0, 0xf, 0xff, 0xff,
    0xff, 0xfc, 0x3, 0xff, 0xff, 0xff, 0xfe, 0x8,
    0xff, 0xff, 0xff, 0xfe, 0x2f, 0x3f, 0xff, 0xff,
    0xfc, 0x3f, 0xc7, 0xff, 0xff, 0xfc, 0x7f, 0xf1,
    0xff, 0xff, 0xfc, 0x7f, 0xfc, 0x7f, 0xff, 0xfc,
    0x7f, 0xff, 0x1f, 0xff, 0xfc, 0x7f, 0xff, 0xc0,
    0x0, 0x0, 0x7f, 0xff, 0xf0, 0x0, 0x0, 0x7f,
    0xff, 0xf8, 0x0, 0x0, 0x3f, 0xff, 0xfc, 0x0,
    0x0, 0x1f, 0xff, 0xfe, 0x0, 0x0, 0xf, 0xff,
    0xff, 0x0, 0x0, 0x7, 0xfe, 0x0, 0x0, 0x0,
    0x3, 0xff, 0x0, 0x0, 0x0, 0x1, 0xff, 0x80,
    0x0, 0x0, 0x0, 0xff, 0xc0, 0x0, 0x0, 0x0,
    0x7f, 0xe0, 0x0, 0x0, 0x0, 0x3f, 0xf0, 0x0,
    0x0, 0x0, 0x1f, 0xf8, 0x0, 0x0, 0x0, 0xf,
    0xfc, 0x0, 0x0, 0x0, 0x7, 0xfe, 0x0, 0x0,
    0x0, 0x3, 0xff, 0x0, 0x0, 0x0, 0x0, 0xff,
    0x80, 0x0, 0x0, 0x0, 0x3f, 0xc0, 0x0, 0x0,
    0x0, 0xf, 0xe0, 0x0, 0x0, 0x0, 0x3, 0xf0,
    0x0, 0x0, 0x0, 0x0, 0xf0, 0x0, 0x0, 0x0,
    0x0, 0x30, 0x0, 0x0, 0x0, 0x0, 0x0, 0x0,
    0x0, 0x0, 0x0, 0x0, 0x0, 0x0, 0x0, 0x0,
    0x0, 0x0, 0x0, 0x0, 0x0, 0x0, 0x0, 0x0,
    0x0, 0x0, 0x1, 0x80, 0x0, 0x0, 0x0, 0x1,
    0xe0, 0x0, 0x0, 0x0, 0x1, 0xf8, 0x0, 0x0,
    0x0, 0x1, 0xfc, 0x0, 0x0, 0x0, 0x1, 0xfe,
    0x0, 0x0, 0x0, 0x1, 0xff, 0x0, 0x0, 0x0,
    0x1, 0xff, 0x80, 0x0, 0x0, 0x0, 0xff, 0xc0,
    0x0, 0x0, 0x0, 0x7f, 0xe0, 0x0, 0x0, 0x0,
    0x3f, 0xf0, 0x0, 0x0, 0x0, 0x1f, 0xf8, 0x0,
    0x0, 0x0, 0xf, 0xfc, 0x0, 0x0, 0x0, 0x7,
    0xfe, 0x0, 0x0, 0x0, 0x3, 0xff, 0x0, 0x0,
    0x0, 0x1, 0xff, 0x80, 0x0, 0x0, 0x0, 0xff,
    0xc0, 0x0, 0x0, 0x0, 0x7f, 0xe0, 0x0, 0x0,
    0x0, 0x3f, 0xf0, 0x0, 0x0, 0x0, 0x1f, 0xf8,
    0x0, 0x0, 0x0, 0xf, 0xfc, 0x0, 0x0, 0x0,
    0x3, 0xfe, 0x0, 0x0, 0x0, 0x0, 0xff, 0x0,
    0x0, 0x0, 0x0, 0x3f, 0x80, 0x0, 0x0, 0x0,
    0xf, 0xc0, 0x0, 0x0, 0x0, 0x3, 0xe0, 0x0,
    0x0, 0x0, 0x0, 0xf0, 0x0, 0x0, 0x0, 0x0,
    0x30,

    /* U+0038 "8" */
    0x7, 0xff, 0xff, 0xff, 0xf0, 0x7, 0xff, 0xff,
    0xff, 0xfc, 0x3, 0xff, 0xff, 0xff, 0xfe, 0x8,
    0xff, 0xff, 0xff, 0xfe, 0x2e, 0x1f, 0xff, 0xff,
    0xfc, 0x3f, 0xc7, 0xff, 0xff, 0xfc, 0x7f, 0xf1,
    0xff, 0xff, 0xfc, 0x7f, 0xfc, 0x7f, 0xff, 0xfc,
    0x7f, 0xff, 0x1f, 0xff, 0xfc, 0x7f, 0xff, 0xc0,
    0x0, 0x0, 0x7f, 0xff, 0xf0, 0x0, 0x0, 0x7f,
    0xff, 0xf8, 0x0, 0x0, 0x3f, 0xff, 0xfc, 0x0,
    0x0, 0x1f, 0xff, 0xfe, 0x0, 0x0, 0xf, 0xff,
    0xff, 0x0, 0x0, 0x7, 0xff, 0xff, 0x80, 0x0,
    0x3, 0xff, 0xff, 0xc0, 0x0, 0x1, 0xff, 0xff,
    0xe0, 0x0, 0x0, 0xff, 0xff, 0xf0, 0x0, 0x0,
    0x7f, 0xff, 0xf8, 0x0, 0x0, 0x3f, 0xff, 0xfc,
    0x0, 0x0, 0x1f, 0xff, 0xfe, 0x0, 0x0, 0xf,
    0xff, 0xff, 0x0, 0x0, 0x7, 0xff, 0xff, 0x80,
    0x0, 0x3, 0xff, 0xff, 0xc0, 0x0, 0x1, 0xff,
    0xff, 0xc0, 0x0, 0x0, 0x7f, 0xff, 0xc0, 0x0,
    0x0, 0x1f, 0xff, 0xc0, 0x0, 0x0, 0x7, 0xff,
    0xc7, 0xff, 0xff, 0xf1, 0xfb, 0xc7, 0xff, 0xff,
    0xfc, 0x70, 0x47, 0xff, 0xff, 0xff, 0x10, 0x7,
    0xff, 0xff, 0xff, 0xc0, 0x7, 0xff, 0xff, 0xff,
    0xf0, 0x1, 0xff, 0xff, 0xff, 0xf0, 0x4, 0x7f,
    0xff, 0xff, 0xf1, 0x8f, 0x1f, 0xff, 0xff, 0xf1,
    0xef, 0xc7, 0xff, 0xff, 0xf1, 0xff, 0xf0, 0x0,
    0x0, 0x1, 0xff, 0xfc, 0x0, 0x0, 0x1, 0xff,
    0xff, 0x0, 0x0, 0x1, 0xff, 0xff, 0xc0, 0x0,
    0x1, 0xff, 0xff, 0xe0, 0x0, 0x0, 0xff, 0xff,
    0xf0, 0x0, 0x0, 0x7f, 0xff, 0xf8, 0x0, 0x0,
    0x3f, 0xff, 0xfc, 0x0, 0x0, 0x1f, 0xff, 0xfe,
    0x0, 0x0, 0xf, 0xff, 0xff, 0x0, 0x0, 0x7,
    0xff, 0xff, 0x80, 0x0, 0x3, 0xff, 0xff, 0xc0,
    0x0, 0x1, 0xff, 0xff, 0xe0, 0x0, 0x0, 0xff,
    0xff, 0xf0, 0x0, 0x0, 0x7f, 0xff, 0xf8, 0x0,
    0x0, 0x3f, 0xff, 0xfc, 0x0, 0x0, 0x1f, 0xff,
    0xfe, 0x0, 0x0, 0xf, 0xff, 0xff, 0x0, 0x0,
    0x7, 0xff, 0xff, 0x0, 0x0, 0x1, 0xff, 0xff,
    0x1f, 0xff, 0xfc, 0x7f, 0xff, 0x1f, 0xff, 0xff,
    0x1f, 0xff, 0x1f, 0xff, 0xff, 0xc7, 0xfe, 0x1f,
    0xff, 0xff, 0xf0, 0xfe, 0x1f, 0xff, 0xff, 0xfc,
    0x3a, 0x3f, 0xff, 0xff, 0xff, 0x8, 0x3f, 0xff,
    0xff, 0xff, 0xe0, 0x1f, 0xff, 0xff, 0xff, 0xf0,
    0x7, 0xff, 0xff, 0xff, 0xf0, 0x0,

    /* U+0039 "9" */
    0x7, 0xff, 0xff, 0xff, 0xf0, 0x7, 0xff, 0xff,
    0xff, 0xfc, 0x3, 0xff, 0xff, 0xff, 0xfe, 0x8,
    0xff, 0xff, 0xff, 0xfe, 0x2e, 0x1f, 0xff, 0xff,
    0xfc, 0x3f, 0xc7, 0xff, 0xff, 0xfc, 0x7f, 0xf1,
    0xff, 0xff, 0xfc, 0x7f, 0xfc, 0x7f, 0xff, 0xfc,
    0x7f, 0xff, 0x1f, 0xff, 0xfc, 0x7f, 0xff, 0xc0,
    0x0, 0x0, 0x7f, 0xff, 0xf0, 0x0, 0x0, 0x7f,
    0xff, 0xf8, 0x0, 0x0, 0x3f, 0xff, 0xfc, 0x0,
    0x0, 0x1f, 0xff, 0xfe, 0x0, 0x0, 0xf, 0xff,
    0xff, 0x0, 0x0, 0x7, 0xff, 0xff, 0x80, 0x0,
    0x3, 0xff, 0xff, 0xc0, 0x0, 0x1, 0xff, 0xff,
    0xe0, 0x0, 0x0, 0xff, 0xff, 0xf0, 0x0, 0x0,
    0x7f, 0xff, 0xf8, 0x0, 0x0, 0x3f, 0xff, 0xfc,
    0x0, 0x0, 0x1f, 0xff, 0xfe, 0x0, 0x0, 0xf,
    0xff, 0xff, 0x0, 0x0, 0x7, 0xff, 0xff, 0x80,
    0x0, 0x3, 0xff, 0xff, 0xc0, 0x0, 0x1, 0xff,
    0xff, 0xc0, 0x0, 0x0, 0x7f, 0xff, 0xc0, 0x0,
    0x0, 0x1f, 0xff, 0xc0, 0x0, 0x0, 0x7, 0xff,
    0xc7, 0xff, 0xff, 0xf1, 0xfb, 0xc7, 0xff, 0xff,
    0xfc, 0x70, 0x47, 0xff, 0xff, 0xff, 0x10, 0x7,
    0xff, 0xff, 0xff, 0xc0, 0x7, 0xff, 0xff, 0xff,
    0xf0, 0x1, 0xff, 0xff, 0xff, 0xf0, 0x0, 0x7f,
    0xff, 0xff, 0xf1, 0x80, 0x1f, 0xff, 0xff, 0xf1,
    0xe0, 0x7, 0xff, 0xff, 0xf1, 0xf8, 0x0, 0x0,
    0x0, 0x1, 0xfc, 0x0, 0x0, 0x0, 0x1, 0xfe,
    0x0, 0x0, 0x0, 0x1, 0xff, 0x0, 0x0, 0x0,
    0x1, 0xff, 0x80, 0x0, 0x0, 0x0, 0xff, 0xc0,
    0x0, 0x0, 0x0, 0x7f, 0xe0, 0x0, 0x0, 0x0,
    0x3f, 0xf0, 0x0, 0x0, 0x0, 0x1f, 0xf8, 0x0,
    0x0, 0x0, 0xf, 0xfc, 0x0, 0x0, 0x0, 0x7,
    0xfe, 0x0, 0x0, 0x0, 0x3, 0xff, 0x0, 0x0,
    0x0, 0x1, 0xff, 0x80, 0x0, 0x0, 0x0, 0xff,
    0xff, 0xf0, 0x0, 0x0, 0x7f, 0xff, 0xf8, 0x0,
    0x0, 0x3f, 0xff, 0xfc, 0x0, 0x0, 0x1f, 0xff,
    0xfe, 0x0, 0x0, 0xf, 0xff, 0xff, 0x0, 0x0,
    0x7, 0xff, 0xff, 0x0, 0x0, 0x1, 0xff, 0xff,
    0x1f, 0xff, 0xfc, 0x7f, 0xff, 0x1f, 0xff, 0xff,
    0x1f, 0xfe, 0x1f, 0xff, 0xff, 0xc7, 0xfe, 0x1f,
    0xff, 0xff, 0xf0, 0xfe, 0x1f, 0xff, 0xff, 0xfc,
    0x3a, 0x3f, 0xff, 0xff, 0xff, 0x8, 0x3f, 0xff,
    0xff, 0xff, 0xe0, 0x1f, 0xff, 0xff, 0xff, 0xf0,
    0x7, 0xff, 0xff, 0xff, 0xf0, 0x0,

    /* U+003A ":" */
    0xff, 0xff, 0xff, 0xff, 0xff, 0xff, 0xff, 0xff,
    0xff, 0xff, 0xff, 0xc0, 0x0, 0x0, 0x0, 0x0,
    0x0, 0x0, 0x0, 0x0, 0x0, 0x0, 0x0, 0x0,
    0x0, 0x0, 0x0, 0x0, 0x0, 0x0, 0x0, 0x0,
    0xf, 0xff, 0xff, 0xff, 0xff, 0xff, 0xff, 0xff,
    0xff, 0xff, 0xff, 0xfc,

    /* U+003B ";" */
    0xff, 0xff, 0xff, 0xff, 0xff, 0xff, 0xff, 0xff,
    0xff, 0xff, 0xff, 0xff, 0xf0, 0x0, 0x0, 0x0,
    0x0, 0x0, 0x0, 0x0, 0x0, 0x0, 0x0, 0x0,
    0x0, 0x0, 0x0, 0x0, 0x0, 0x0, 0x0, 0x0,
    0xf, 0xfb, 0xff, 0xff, 0xff, 0xff, 0xff, 0xff,
    0xff, 0xff, 0xff, 0xff, 0xff, 0xff, 0xff, 0xff,
    0xff, 0xff, 0xff, 0xff, 0xff, 0xff, 0xff, 0xff,
    0xff, 0xf0,

    /* U+003C "<" */
    0x0, 0x0, 0xf, 0xe0, 0x0, 0x3, 0xfc, 0x0,
    0x0, 0xff, 0x80, 0x0, 0x3f, 0xf0, 0x0, 0xf,
    0xfe, 0x0, 0x3, 0xff, 0xc0, 0x0, 0xff, 0xf8,
    0x0, 0x3f, 0xfe, 0x0, 0xf, 0xff, 0x80, 0x7,
    0xff, 0xe0, 0x1, 0xff, 0xf8, 0x0, 0x7f, 0xfe,
    0x0, 0x1f, 0xff, 0x80, 0x7, 0xff, 0xe0, 0x1,
    0xff, 0xf8, 0x0, 0x7f, 0xfe, 0x0, 0x1f, 0xff,
    0x80, 0x7, 0xff, 0xe0, 0x1, 0xff, 0xf8, 0x0,
    0x7f, 0xfe, 0x0, 0x7, 0xff, 0xe0, 0x0, 0x7f,
    0xfe, 0x0, 0x7, 0xff, 0xe0, 0x0, 0x7f, 0xfe,
    0x0, 0x7, 0xff, 0xe0, 0x0, 0x7f, 0xfe, 0x0,
    0x7, 0xff, 0xe0, 0x0, 0x7f, 0xfe, 0x0, 0x7,
    0xff, 0xe0, 0x0, 0x3f, 0xfe, 0x0, 0x3, 0xff,
    0xe0, 0x0, 0x3f, 0xfe, 0x0, 0x3, 0xff, 0xe0,
    0x0, 0x3f, 0xfc, 0x0, 0x3, 0xff, 0x80, 0x0,
    0x3f, 0xf0, 0x0, 0x3, 0xfe, 0x0, 0x0, 0x3f,
    0xc0, 0x0, 0x3, 0xf8,

    /* U+003D "=" */
    0xf, 0xff, 0xff, 0xff, 0xf0, 0x1f, 0xff, 0xff,
    0xff, 0xf8, 0x3f, 0xff, 0xff, 0xff, 0xfc, 0x7f,
    0xff, 0xff, 0xff, 0xfe, 0xff, 0xff, 0xff, 0xff,
    0xff, 0x7f, 0xff, 0xff, 0xff, 0xfe, 0x3f, 0xff,
    0xff, 0xff, 0xfc, 0x1f, 0xff, 0xff, 0xff, 0xf0,
    0xf, 0xff, 0xff, 0xff, 0xe0, 0x0, 0x0, 0x0,
    0x0, 0x0, 0x0, 0x0, 0x0, 0x0, 0x0, 0x0,
    0x0, 0x0, 0x0, 0x0, 0x0, 0x0, 0x0, 0x0,
    0x0, 0x0, 0x0, 0x0, 0x0, 0x0, 0x0, 0x0,
    0x0, 0x0, 0x0, 0x0, 0x0, 0x0, 0x0, 0x0,
    0x0, 0x0, 0x0, 0x0, 0x0, 0x0, 0x0, 0x0,
    0x0, 0x0, 0x0, 0x0, 0x0, 0x0, 0x0, 0xf,
    0xff, 0xff, 0xff, 0xe0, 0x1f, 0xff, 0xff, 0xff,
    0xf0, 0x3f, 0xff, 0xff, 0xff, 0xfc, 0x7f, 0xff,
    0xff, 0xff, 0xfe, 0xff, 0xff, 0xff, 0xff, 0xff,
    0x7f, 0xff, 0xff, 0xff, 0xfe, 0x3f, 0xff, 0xff,
    0xff, 0xfc, 0x1f, 0xff, 0xff, 0xff, 0xf8, 0xf,
    0xff, 0xff, 0xff, 0xe0,

    /* U+003E ">" */
    0xfe, 0x0, 0x0, 0x1f, 0xe0, 0x0, 0x3, 0xfe,
    0x0, 0x0, 0x7f, 0xe0, 0x0, 0xf, 0xfe, 0x0,
    0x1, 0xff, 0xe0, 0x0, 0x3f, 0xfe, 0x0, 0x3,
    0xff, 0xf0, 0x0, 0x3f, 0xff, 0x0, 0x3, 0xff,
    0xf0, 0x0, 0x3f, 0xff, 0x0, 0x3, 0xff, 0xf0,
    0x0, 0x3f, 0xff, 0x0, 0x3, 0xff, 0xf0, 0x0,
    0x3f, 0xff, 0x0, 0x3, 0xff, 0xf0, 0x0, 0x3f,
    0xff, 0x0, 0x3, 0xff, 0xf0, 0x0, 0x3f, 0xff,
    0x0, 0x3, 0xff, 0xe0, 0x0, 0xff, 0xf8, 0x0,
    0x3f, 0xfe, 0x0, 0xf, 0xff, 0x80, 0x3, 0xff,
    0xe0, 0x0, 0xff, 0xf8, 0x0, 0x3f, 0xfe, 0x0,
    0xf, 0xff, 0x80, 0x3, 0xff, 0xe0, 0x0, 0xff,
    0xf8, 0x0, 0x3f, 0xfe, 0x0, 0xf, 0xff, 0x80,
    0x3, 0xff, 0xe0, 0x0, 0xff, 0xf8, 0x0, 0x1f,
    0xfe, 0x0, 0x3, 0xff, 0x80, 0x0, 0x7f, 0xe0,
    0x0, 0xf, 0xf8, 0x0, 0x1, 0xfe, 0x0, 0x0,
    0x3f, 0x80, 0x0, 0x0,

    /* U+003F "?" */
    0x7, 0xff, 0xff, 0xff, 0xf0, 0xf, 0xff, 0xff,
    0xff, 0xfc, 0x3, 0xff, 0xff, 0xff, 0xfe, 0x8,
    0xff, 0xff, 0xff, 0xfe, 0x2e, 0x3f, 0xff, 0xff,
    0xfc, 0x3f, 0xc7, 0xff, 0xff, 0xfc, 0x7f, 0xf1,
    0xff, 0xff, 0xfc, 0x7f, 0xfc, 0x7f, 0xff, 0xfc,
    0x7f, 0xff, 0x1f, 0xff, 0xfc, 0x7f, 0xff, 0xc0,
    0x0, 0x0, 0x7f, 0xff, 0xf0, 0x0, 0x0, 0x7f,
    0xff, 0xf8, 0x0, 0x0, 0x3f, 0xff, 0xfc, 0x0,
    0x0, 0x1f, 0xff, 0xfe, 0x0, 0x0, 0xf, 0xff,
    0xff, 0x0, 0x0, 0x7, 0xfe, 0x0, 0x0, 0x0,
    0x3, 0xff, 0x0, 0x0, 0x0, 0x1, 0xff, 0x80,
    0x0, 0x0, 0x0, 0xff, 0xc0, 0x0, 0x0, 0x0,
    0x7f, 0xe0, 0x0, 0x0, 0x0, 0x3f, 0xf0, 0x0,
    0x0, 0x0, 0x1f, 0xf8, 0x0, 0x0, 0x0, 0xf,
    0xfc, 0x0, 0x0, 0x0, 0x7, 0xfe, 0x0, 0x0,
    0x0, 0x3, 0xff, 0x0, 0x0, 0x0, 0x1, 0xff,
    0x80, 0x0, 0x0, 0x0, 0x7f, 0xc0, 0x0, 0x0,
    0x0, 0x1f, 0xe0, 0x0, 0x0, 0x0, 0x7, 0xf0,
    0x7, 0xff, 0xff, 0xf1, 0xf8, 0x7, 0xff, 0xff,
    0xfc, 0x70, 0x7, 0xff, 0xff, 0xff, 0x10, 0x7,
    0xff, 0xff, 0xff, 0xc0, 0x7, 0xff, 0xff, 0xff,
    0xf0, 0x1, 0xff, 0xff, 0xff, 0xf0, 0x0, 0x7f,
    0xff, 0xff, 0xf0, 0x0, 0x1f, 0xff, 0xff, 0xf0,
    0x0, 0x7, 0xff, 0xff, 0xf0, 0x0, 0x0, 0x0,
    0x0, 0x0, 0x0, 0x0, 0x0, 0x0, 0x0, 0x0,
    0x0, 0x0, 0x0, 0x0, 0x0, 0x0, 0x0, 0x0,
    0x0, 0x0, 0x0, 0x0, 0x0, 0x0, 0x0, 0x0,
    0x0, 0x0, 0x0, 0x0, 0x0, 0x0, 0x0, 0x0,
    0x0, 0x0, 0x0, 0x0, 0x0, 0x0, 0x0, 0x0,
    0x0, 0x0, 0x0, 0x0, 0x0, 0x0, 0x0, 0x0,
    0x0, 0x0, 0x0, 0x0, 0x0, 0x0, 0x0, 0x0,
    0x0, 0x0, 0x0, 0x0, 0x0, 0x0, 0x0, 0x0,
    0x0, 0x0, 0x0, 0x0, 0x0, 0x0, 0x0, 0x0,
    0x0, 0x0, 0x0, 0x0, 0x0, 0x0, 0x0, 0x0,
    0x0, 0x0, 0x0, 0x0, 0x0, 0x0, 0x0, 0x0,
    0x0, 0x0, 0x0, 0x0, 0x0, 0x0, 0x0, 0x0,
    0x1f, 0xff, 0xfc, 0x0, 0x0, 0x1f, 0xff, 0xff,
    0x0, 0x0, 0x1f, 0xff, 0xff, 0xc0, 0x0, 0x1f,
    0xff, 0xff, 0xf0, 0x0, 0x3f, 0xff, 0xff, 0xfc,
    0x0, 0x3f, 0xff, 0xff, 0xff, 0x0, 0x3f, 0xff,
    0xff, 0xff, 0xe0, 0x3f, 0xff, 0xff, 0xff, 0xf0,
    0xf, 0xff, 0xff, 0xff, 0xf0, 0x0,

    /* U+0040 "@" */
    0x0, 0x0, 0x0, 0x0, 0xf, 0xff, 0xc0, 0x0,
    0x0, 0x0, 0x0, 0x0, 0x0, 0x0, 0x7f, 0xff,
    0xff, 0x80, 0x0, 0x0, 0x0, 0x0, 0x0, 0x0,
    0xff, 0x80, 0xf, 0xfc, 0x0, 0x0, 0x0, 0x0,
    0x0, 0x0, 0xfe, 0x0, 0x0, 0x3f, 0xc0, 0x0,
    0x0, 0x0, 0x0, 0x1, 0xfc, 0x0, 0x0, 0x1,
    0xfc, 0x0, 0x0, 0x0, 0x0, 0x1, 0xfc, 0x0,
    0x0, 0x0, 0x1f, 0xc0, 0x0, 0x0, 0x0, 0x0,
    0xfc, 0x0, 0x0, 0x0, 0x1, 0xfc, 0x0, 0x0,
    0x0, 0x0, 0xfe, 0x0, 0x0, 0x0, 0x0, 0x3f,
    0x80, 0x0, 0x0, 0x0, 0x7e, 0x0, 0x0, 0x0,
    0x0, 0x3, 0xf0, 0x0, 0x0, 0x0, 0x7f, 0x0,
    0x0, 0x0, 0x0, 0x0, 0x7f, 0x0, 0x0, 0x0,
    0x3f, 0x80, 0x0, 0x0, 0x0, 0x0, 0xf, 0xe0,
    0x0, 0x0, 0x1f, 0xc0, 0x0, 0x0, 0x0, 0x0,
    0x1, 0xfc, 0x0, 0x0, 0xf, 0xe0, 0x0, 0x0,
    0x0, 0x0, 0x0, 0x3f, 0x80, 0x0, 0x7, 0xf0,
    0x0, 0x0, 0x0, 0x0, 0x0, 0x7, 0xf0, 0x0,
    0x3, 0xf8, 0x0, 0x0, 0x0, 0x0, 0x0, 0x0,
    0xfc, 0x0, 0x1, 0xfc, 0x0, 0x0, 0x0, 0x0,
    0x0, 0x0, 0x3f, 0x80, 0x0, 0x7e, 0x0, 0x0,
    0x0, 0x0, 0x0, 0x0, 0x7, 0xf0, 0x0, 0x3f,
    0x80, 0x0, 0x0, 0x0, 0x0, 0x0, 0x0, 0xfe,
    0x0, 0x1f, 0xc0, 0x0, 0x0, 0x0, 0x0, 0x0,
    0x0, 0x3f, 0x80, 0x7, 0xe0, 0x0, 0x0, 0xff,
    0xc0, 0x0, 0x0, 0x7, 0xf0, 0x3, 0xf8, 0x0,
    0x3, 0xf0, 0x3e, 0x0, 0x0, 0x1, 0xfc, 0x1,
    0xfc, 0x0, 0x1, 0xf8, 0x3, 0xe0, 0x0, 0x0,
    0x7f, 0x80, 0x7f, 0x0, 0x0, 0x7c, 0x0, 0x7c,
    0x0, 0x0, 0xf, 0xe0, 0x3f, 0xc0, 0x0, 0x1e,
    0x0, 0xf, 0x80, 0x0, 0x3, 0xfc, 0xf, 0xe0,
    0x0, 0x7, 0x0, 0x3, 0xf0, 0x0, 0x0, 0x7f,
    0x7, 0xf8, 0x0, 0x1, 0xc0, 0x0, 0x7c, 0x0,
    0x0, 0x1f, 0xc1, 0xfc, 0x0, 0x0, 0x60, 0x0,
    0x1f, 0x80, 0x0, 0x7, 0xf8, 0x7f, 0x0, 0x0,
    0x18, 0x0, 0x7, 0xe0, 0x0, 0x1, 0xfe, 0x3f,
    0xc0, 0x0, 0x6, 0x0, 0x1, 0xf8, 0x0, 0x0,
    0x7f, 0x8f, 0xf0, 0x0, 0x0, 0x0, 0x0, 0x7e,
    0x0, 0x0, 0xf, 0xe3, 0xf8, 0x0, 0x0, 0x0,
    0x0, 0x3f, 0x80, 0x0, 0x3, 0xfd, 0xfe, 0x0,
    0x0, 0x0, 0x0, 0xf, 0xe0, 0x0, 0x0, 0xff,
    0x7f, 0x80, 0x0, 0x0, 0x0, 0xf, 0xf8, 0x0,
    0x0, 0x3f, 0xdf, 0xe0, 0x0, 0x0, 0x0, 0xf,
    0x7e, 0x0, 0x0, 0xf, 0xf7, 0xf0, 0x0, 0x0,
    0x0, 0x7f, 0x9f, 0x80, 0x0, 0x3, 0xff, 0xfc,
    0x0, 0x0, 0x0, 0xff, 0x87, 0xe0, 0x0, 0x0,
    0xff, 0xff, 0x0, 0x0, 0x0, 0xff, 0x1, 0xf8,
    0x0, 0x0, 0x3f, 0xff, 0xc0, 0x0, 0x0, 0xfe,
    0x0, 0x7e, 0x0, 0x0, 0xf, 0xff, 0xf0, 0x0,
    0x0, 0x7e, 0x0, 0x1f, 0x80, 0x0, 0x3, 0xff,
    0xfc, 0x0, 0x0, 0x3f, 0x0, 0x7, 0xe0, 0x0,
    0x0, 0xff, 0xff, 0x0, 0x0, 0x1f, 0x80, 0x1,
    0xf8, 0x0, 0x0, 0x3f, 0xff, 0xc0, 0x0, 0xf,
    0xc0, 0x0, 0x7e, 0x0, 0x0, 0xf, 0xff, 0xf0,
    0x0, 0x3, 0xf0, 0x0, 0x1f, 0x80, 0x0, 0x7,
    0xfb, 0xfc, 0x0, 0x1, 0xf8, 0x0, 0x7, 0xe0,
    0x0, 0x1, 0xfe, 0xff, 0x0, 0x0, 0x7e, 0x0,
    0x1, 0xf8, 0x0, 0x0, 0x7f, 0xbf, 0xc0, 0x0,
    0x1f, 0x0, 0x0, 0x7e, 0x0, 0x0, 0x1f, 0xef,
    0xf0, 0x0, 0xf, 0xc0, 0x0, 0x1f, 0x80, 0x0,
    0x7, 0xf3, 0xfc, 0x0, 0x3, 0xf0, 0x0, 0x7,
    0xe0, 0x0, 0x3, 0xfc, 0xff, 0x0, 0x0, 0xfc,
    0x0, 0x1, 0xf8, 0x0, 0x0, 0xfe, 0x1f, 0xe0,
    0x0, 0x3f, 0x0, 0x0, 0x7e, 0x0, 0x0, 0x3f,
    0x87, 0xf8, 0x0, 0xf, 0xc0, 0x0, 0x1f, 0x80,
    0x0, 0x1f, 0xc1, 0xfe, 0x0, 0x3, 0xf0, 0x0,
    0x7, 0xe0, 0x0, 0x7, 0xf0, 0x7f, 0x80, 0x0,
    0xfc, 0x0, 0x1, 0xf8, 0x0, 0x3, 0xf8, 0xf,
    0xe0, 0x0, 0x1f, 0x0, 0x0, 0x7e, 0x0, 0x0,
    0xfc, 0x3, 0xfc, 0x0, 0x7, 0xe0, 0x0, 0x1f,
    0x80, 0x0, 0x7f, 0x0, 0xff, 0x0, 0x1, 0xf8,
    0x0, 0x7, 0xe0, 0x0, 0x1f, 0x80, 0x1f, 0xc0,
    0x0, 0x3e, 0x0, 0x1, 0xf8, 0x0, 0xf, 0xc0,
    0x7, 0xf8, 0x0, 0x7, 0xc0, 0x0, 0xfe, 0x0,
    0x7, 0xe0, 0x1, 0xfe, 0x0, 0x1, 0xf8, 0x0,
    0x3f, 0x80, 0x3, 0xe0, 0x0, 0x3f, 0x80, 0x0,
    0x3e, 0x0, 0xf, 0xe0, 0x3, 0xf0, 0x0, 0xf,
    0xf0, 0x0, 0x7, 0xc0, 0x7, 0xfc, 0x3, 0xf0,
    0x0, 0x1, 0xfc, 0x0, 0x0, 0xfc, 0x3, 0xff,
    0x83, 0xf8, 0x0, 0x0, 0x7f, 0x80, 0x0, 0xf,
    0xc1, 0xf8, 0xff, 0xf8, 0x0, 0x0, 0xf, 0xe0,
    0x0, 0x0, 0xff, 0xf8, 0x1f, 0xf0, 0x0, 0x0,
    0x1, 0xfc, 0x0, 0x0, 0xf, 0xf0, 0x0, 0x0,
    0x0, 0x0, 0x0, 0x7f, 0x80, 0x0, 0x0, 0x0,
    0x0, 0x0, 0x0, 0x0, 0x0, 0xf, 0xe0, 0x0,
    0x0, 0x0, 0x0, 0x0, 0x0, 0x0, 0x0, 0x1,
    0xfc, 0x0, 0x0, 0x0, 0x0, 0x0, 0x0, 0x0,
    0x0, 0x0, 0x7f, 0x80, 0x0, 0x0, 0x0, 0x0,
    0x0, 0x0, 0x0, 0x0, 0xf, 0xf0, 0x0, 0x0,
    0x0, 0x0, 0x0, 0x0, 0x0, 0x0, 0x1, 0xfe,
    0x0, 0x0, 0x0, 0x0, 0x0, 0x0, 0x0, 0x0,
    0x0, 0x3f, 0xc0, 0x0, 0x0, 0x0, 0x0, 0x0,
    0x0, 0x0, 0x0, 0x7, 0xf8, 0x0, 0x0, 0x0,
    0x0, 0x0, 0x0, 0x0, 0x0, 0x0, 0xff, 0x0,
    0x0, 0x0, 0x0, 0x0, 0x2, 0x0, 0x0, 0x0,
    0x1f, 0xe0, 0x0, 0x0, 0x0, 0x0, 0x3, 0x80,
    0x0, 0x0, 0x1, 0xfc, 0x0, 0x0, 0x0, 0x0,
    0x3, 0xe0, 0x0, 0x0, 0x0, 0x3f, 0xc0, 0x0,
    0x0, 0x0, 0x1, 0xf0, 0x0, 0x0, 0x0, 0x3,
    0xf8, 0x0, 0x0, 0x0, 0x1, 0xf8, 0x0, 0x0,
    0x0, 0x0, 0x7f, 0x80, 0x0, 0x0, 0x3, 0xf8,
    0x0, 0x0, 0x0, 0x0, 0x7, 0xfc, 0x0, 0x0,
    0x3, 0xf8, 0x0, 0x0, 0x0, 0x0, 0x0, 0x3f,
    0xc0, 0x0, 0x7, 0xf0, 0x0, 0x0, 0x0, 0x0,
    0x0, 0x3, 0xff, 0x0, 0x3f, 0xf0, 0x0, 0x0,
    0x0, 0x0, 0x0, 0x0, 0x1f, 0xff, 0xff, 0xe0,
    0x0, 0x0, 0x0, 0x0, 0x0, 0x0, 0x0, 0x3f,
    0xff, 0x0, 0x0, 0x0, 0x0,

    /* U+0041 "A" */
    0x7, 0xff, 0xff, 0xff, 0xf0, 0x7, 0xff, 0xff,
    0xff, 0xfc, 0x3, 0xff, 0xff, 0xff, 0xfe, 0x8,
    0xff, 0xff, 0xff, 0xfe, 0x2e, 0x1f, 0xff, 0xff,
    0xfc, 0x3f, 0xc7, 0xff, 0xff, 0xfc, 0x7f, 0xf1,
    0xff, 0xff, 0xfc, 0x7f, 0xfc, 0x7f, 0xff, 0xfc,
    0x7f, 0xff, 0x1f, 0xff, 0xfc, 0x7f, 0xff, 0xc0,
    0x0, 0x0, 0x7f, 0xff, 0xf0, 0x0, 0x0, 0x7f,
    0xff, 0xf8, 0x0, 0x0, 0x3f, 0xff, 0xfc, 0x0,
    0x0, 0x1f, 0xff, 0xfe, 0x0, 0x0, 0xf, 0xff,
    0xff, 0x0, 0x0, 0x7, 0xff, 0xff, 0x80, 0x0,
    0x3, 0xff, 0xff, 0xc0, 0x0, 0x1, 0xff, 0xff,
    0xe0, 0x0, 0x0, 0xff, 0xff, 0xf0, 0x0, 0x0,
    0x7f, 0xff, 0xf8, 0x0, 0x0, 0x3f, 0xff, 0xfc,
    0x0, 0x0, 0x1f, 0xff, 0xfe, 0x0, 0x0, 0xf,
    0xff, 0xff, 0x0, 0x0, 0x7, 0xff, 0xff, 0x80,
    0x0, 0x3, 0xff, 0xff, 0xc0, 0x0, 0x1, 0xff,
    0xff, 0xc0, 0x0, 0x0, 0x7f, 0xff, 0xc0, 0x0,
    0x0, 0x1f, 0xff, 0xc0, 0x0, 0x0, 0x7, 0xff,
    0xc7, 0xff, 0xff, 0xf1, 0xfb, 0xc7, 0xff, 0xff,
    0xfc, 0x70, 0x47, 0xff, 0xff, 0xff, 0x10, 0x7,
    0xff, 0xff, 0xff, 0xc0, 0x7, 0xff, 0xff, 0xff,
    0xf0, 0x1, 0xff, 0xff, 0xff, 0xf0, 0x4, 0x7f,
    0xff, 0xff, 0xf1, 0x8f, 0x1f, 0xff, 0xff, 0xf1,
    0xef, 0xc7, 0xff, 0xff, 0xf1, 0xff, 0xf0, 0x0,
    0x0, 0x1, 0xff, 0xfc, 0x0, 0x0, 0x1, 0xff,
    0xff, 0x0, 0x0, 0x1, 0xff, 0xff, 0xc0, 0x0,
    0x1, 0xff, 0xff, 0xe0, 0x0, 0x0, 0xff, 0xff,
    0xf0, 0x0, 0x0, 0x7f, 0xff, 0xf8, 0x0, 0x0,
    0x3f, 0xff, 0xfc, 0x0, 0x0, 0x1f, 0xff, 0xfe,
    0x0, 0x0, 0xf, 0xff, 0xff, 0x0, 0x0, 0x7,
    0xff, 0xff, 0x80, 0x0, 0x3, 0xff, 0xff, 0xc0,
    0x0, 0x1, 0xff, 0xff, 0xe0, 0x0, 0x0, 0xff,
    0xff, 0xf0, 0x0, 0x0, 0x7f, 0xff, 0xf8, 0x0,
    0x0, 0x3f, 0xff, 0xfc, 0x0, 0x0, 0x1f, 0xff,
    0xfe, 0x0, 0x0, 0xf, 0xff, 0xfe, 0x0, 0x0,
    0x3, 0xff, 0xfe, 0x0, 0x0, 0x0, 0xff, 0xfe,
    0x0, 0x0, 0x0, 0x3f, 0xfe, 0x0, 0x0, 0x0,
    0xf, 0xfe, 0x0, 0x0, 0x0, 0x3, 0xfe, 0x0,
    0x0, 0x0, 0x0, 0xfe, 0x0, 0x0, 0x0, 0x0,
    0x38, 0x0, 0x0, 0x0, 0x0, 0x0,

    /* U+0042 "B" */
    0x7, 0xff, 0xff, 0xff, 0xf0, 0x7, 0xff, 0xff,
    0xff, 0xfc, 0x3, 0xff, 0xff, 0xff, 0xfe, 0x8,
    0xff, 0xff, 0xff, 0xfe, 0x2e, 0x1f, 0xff, 0xff,
    0xfc, 0x3f, 0xc7, 0xff, 0xff, 0xfc, 0x7f, 0xf1,
    0xff, 0xff, 0xfc, 0x7f, 0xfc, 0x7f, 0xff, 0xfc,
    0x7f, 0xff, 0x1f, 0xff, 0xfc, 0x7f, 0xff, 0xc0,
    0x0, 0x0, 0x7f, 0xff, 0xf0, 0x0, 0x0, 0x7f,
    0xff, 0xf8, 0x0, 0x0, 0x3f, 0xff, 0xfc, 0x0,
    0x0, 0x1f, 0xff, 0xfe, 0x0, 0x0, 0xf, 0xff,
    0xff, 0x0, 0x0, 0x7, 0xff, 0xff, 0x80, 0x0,
    0x3, 0xff, 0xff, 0xc0, 0x0, 0x1, 0xff, 0xff,
    0xe0, 0x0, 0x0, 0xff, 0xff, 0xf0, 0x0, 0x0,
    0x7f, 0xff, 0xf8, 0x0, 0x0, 0x3f, 0xff, 0xfc,
    0x0, 0x0, 0x1f, 0xff, 0xfe, 0x0, 0x0, 0xf,
    0xff, 0xff, 0x0, 0x0, 0x7, 0xff, 0xff, 0x80,
    0x0, 0x3, 0xff, 0xff, 0xc0, 0x0, 0x1, 0xff,
    0xff, 0xc0, 0x0, 0x0, 0x7f, 0xff, 0xc0, 0x0,
    0x0, 0x1f, 0xff, 0xc0, 0x0, 0x0, 0x7, 0xff,
    0xc7, 0xff, 0xff, 0xf1, 0xfb, 0xc7, 0xff, 0xff,
    0xfc, 0x70, 0x47, 0xff, 0xff, 0xff, 0x10, 0x7,
    0xff, 0xff, 0xff, 0xc0, 0x7, 0xff, 0xff, 0xff,
    0xf0, 0x1, 0xff, 0xff, 0xff, 0xf0, 0x4, 0x7f,
    0xff, 0xff, 0xf1, 0x8f, 0x1f, 0xff, 0xff, 0xf1,
    0xef, 0xc7, 0xff, 0xff, 0xf1, 0xff, 0xf0, 0x0,
    0x0, 0x1, 0xff, 0xfc, 0x0, 0x0, 0x1, 0xff,
    0xff, 0x0, 0x0, 0x1, 0xff, 0xff, 0xc0, 0x0,
    0x1, 0xff, 0xff, 0xe0, 0x0, 0x0, 0xff, 0xff,
    0xf0, 0x0, 0x0, 0x7f, 0xff, 0xf8, 0x0, 0x0,
    0x3f, 0xff, 0xfc, 0x0, 0x0, 0x1f, 0xff, 0xfe,
    0x0, 0x0, 0xf, 0xff, 0xff, 0x0, 0x0, 0x7,
    0xff, 0xff, 0x80, 0x0, 0x3, 0xff, 0xff, 0xc0,
    0x0, 0x1, 0xff, 0xff, 0xe0, 0x0, 0x0, 0xff,
    0xff, 0xf0, 0x0, 0x0, 0x7f, 0xff, 0xf8, 0x0,
    0x0, 0x3f, 0xff, 0xfc, 0x0, 0x0, 0x1f, 0xff,
    0xfe, 0x0, 0x0, 0xf, 0xff, 0xff, 0x0, 0x0,
    0x7, 0xff, 0xff, 0x0, 0x0, 0x1, 0xff, 0xff,
    0x1f, 0xff, 0xfc, 0x7f, 0xff, 0x1f, 0xff, 0xff,
    0x1f, 0xff, 0x1f, 0xff, 0xff, 0xc7, 0xfe, 0x1f,
    0xff, 0xff, 0xf0, 0xfe, 0x1f, 0xff, 0xff, 0xfc,
    0x3a, 0x3f, 0xff, 0xff, 0xff, 0x8, 0x3f, 0xff,
    0xff, 0xff, 0xe0, 0x1f, 0xff, 0xff, 0xff, 0xf0,
    0x7, 0xff, 0xff, 0xff, 0xf0, 0x0,

    /* U+0043 "C" */
    0x7, 0xff, 0xff, 0xff, 0xf0, 0x7f, 0xff, 0xff,
    0xff, 0xc3, 0xff, 0xff, 0xff, 0xfe, 0x8f, 0xff,
    0xff, 0xff, 0xef, 0x1f, 0xff, 0xff, 0xfc, 0x7c,
    0x7f, 0xff, 0xff, 0xc3, 0xf1, 0xff, 0xff, 0xfc,
    0x1f, 0xc7, 0xff, 0xff, 0xc0, 0xff, 0x1f, 0xff,
    0xfc, 0x7, 0xfc, 0x0, 0x0, 0x0, 0x3f, 0xf0,
    0x0, 0x0, 0x1, 0xff, 0x80, 0x0, 0x0, 0xf,
    0xfc, 0x0, 0x0, 0x0, 0x7f, 0xe0, 0x0, 0x0,
    0x3, 0xff, 0x0, 0x0, 0x0, 0x1f, 0xf8, 0x0,
    0x0, 0x0, 0xff, 0xc0, 0x0, 0x0, 0x7, 0xfe,
    0x0, 0x0, 0x0, 0x3f, 0xf0, 0x0, 0x0, 0x1,
    0xff, 0x80, 0x0, 0x0, 0xf, 0xfc, 0x0, 0x0,
    0x0, 0x7f, 0xe0, 0x0, 0x0, 0x3, 0xff, 0x0,
    0x0, 0x0, 0x1f, 0xf8, 0x0, 0x0, 0x0, 0xff,
    0x80, 0x0, 0x0, 0x7, 0xfc, 0x0, 0x0, 0x0,
    0x3f, 0x80, 0x0, 0x0, 0x1, 0xf8, 0x0, 0x0,
    0x0, 0x7, 0x80, 0x0, 0x0, 0x0, 0x18, 0x0,
    0x0, 0x0, 0x0, 0x0, 0x0, 0x0, 0x0, 0x0,
    0x0, 0x0, 0x0, 0x0, 0x0, 0x0, 0x0, 0x0,
    0x0, 0x0, 0x0, 0x0, 0x0, 0x0, 0x0, 0x0,
    0x0, 0x0, 0x60, 0x0, 0x0, 0x0, 0x7, 0x80,
    0x0, 0x0, 0x0, 0x7e, 0x0, 0x0, 0x0, 0x3,
    0xf8, 0x0, 0x0, 0x0, 0x1f, 0xe0, 0x0, 0x0,
    0x0, 0xff, 0x80, 0x0, 0x0, 0x7, 0xfe, 0x0,
    0x0, 0x0, 0x3f, 0xf0, 0x0, 0x0, 0x1, 0xff,
    0x80, 0x0, 0x0, 0xf, 0xfc, 0x0, 0x0, 0x0,
    0x7f, 0xe0, 0x0, 0x0, 0x3, 0xff, 0x0, 0x0,
    0x0, 0x1f, 0xf8, 0x0, 0x0, 0x0, 0xff, 0xc0,
    0x0, 0x0, 0x7, 0xfe, 0x0, 0x0, 0x0, 0x3f,
    0xf0, 0x0, 0x0, 0x1, 0xff, 0x80, 0x0, 0x0,
    0xf, 0xfc, 0x0, 0x0, 0x0, 0x7f, 0xe0, 0x0,
    0x0, 0x3, 0xff, 0x0, 0x0, 0x0, 0x1f, 0xf0,
    0x0, 0x0, 0x0, 0xff, 0x1f, 0xff, 0xfc, 0x7,
    0xf1, 0xff, 0xff, 0xf0, 0x3f, 0x1f, 0xff, 0xff,
    0xc1, 0xe1, 0xff, 0xff, 0xff, 0xe, 0x1f, 0xff,
    0xff, 0xfc, 0x23, 0xff, 0xff, 0xff, 0xf0, 0x3f,
    0xff, 0xff, 0xff, 0xe1, 0xff, 0xff, 0xff, 0xff,
    0x7, 0xff, 0xff, 0xff, 0xf0,

    /* U+0044 "D" */
    0x7, 0xff, 0xff, 0xff, 0xf0, 0x7, 0xff, 0xff,
    0xff, 0xfc, 0x3, 0xff, 0xff, 0xff, 0xfe, 0x8,
    0xff, 0xff, 0xff, 0xfe, 0x2f, 0x1f, 0xff, 0xff,
    0xfc, 0x3f, 0xc7, 0xff, 0xff, 0xfc, 0x7f, 0xf1,
    0xff, 0xff, 0xfc, 0x7f, 0xfc, 0x7f, 0xff, 0xfc,
    0x7f, 0xff, 0x1f, 0xff, 0xfc, 0x7f, 0xff, 0xc0,
    0x0, 0x0, 0x7f, 0xff, 0xf0, 0x0, 0x0, 0x7f,
    0xff, 0xf8, 0x0, 0x0, 0x3f, 0xff, 0xfc, 0x0,
    0x0, 0x1f, 0xff, 0xfe, 0x0, 0x0, 0xf, 0xff,
    0xff, 0x0, 0x0, 0x7, 0xff, 0xff, 0x80, 0x0,
    0x3, 0xff, 0xff, 0xc0, 0x0, 0x1, 0xff, 0xff,
    0xe0, 0x0, 0x0, 0xff, 0xff, 0xf0, 0x0, 0x0,
    0x7f, 0xff, 0xf8, 0x0, 0x0, 0x3f, 0xff, 0xfc,
    0x0, 0x0, 0x1f, 0xff, 0xfe, 0x0, 0x0, 0xf,
    0xff, 0xff, 0x0, 0x0, 0x7, 0xff, 0xff, 0x80,
    0x0, 0x3, 0xff, 0xff, 0x80, 0x0, 0x0, 0xff,
    0xff, 0xc0, 0x0, 0x0, 0x3f, 0xff, 0x80, 0x0,
    0x0, 0x1f, 0xff, 0x80, 0x0, 0x0, 0x7, 0xf7,
    0x80, 0x0, 0x0, 0x1, 0xf1, 0x80, 0x0, 0x0,
    0x0, 0x70, 0x0, 0x0, 0x0, 0x0, 0x0, 0x0,
    0x0, 0x0, 0x0, 0x0, 0x0, 0x0, 0x0, 0x0,
    0x0, 0x0, 0x0, 0x0, 0x0, 0x0, 0x0, 0x0,
    0x0, 0x0, 0x0, 0x6, 0x0, 0x0, 0x0, 0x0,
    0xc7, 0x80, 0x0, 0x0, 0x0, 0xf7, 0xe0, 0x0,
    0x0, 0x0, 0xff, 0xf8, 0x0, 0x0, 0x0, 0xff,
    0xfe, 0x0, 0x0, 0x1, 0xff, 0xff, 0x80, 0x0,
    0x1, 0xff, 0xff, 0xe0, 0x0, 0x0, 0xff, 0xff,
    0xf0, 0x0, 0x0, 0x7f, 0xff, 0xf8, 0x0, 0x0,
    0x3f, 0xff, 0xfc, 0x0, 0x0, 0x1f, 0xff, 0xfe,
    0x0, 0x0, 0xf, 0xff, 0xff, 0x0, 0x0, 0x7,
    0xff, 0xff, 0x80, 0x0, 0x3, 0xff, 0xff, 0xc0,
    0x0, 0x1, 0xff, 0xff, 0xe0, 0x0, 0x0, 0xff,
    0xff, 0xf0, 0x0, 0x0, 0x7f, 0xff, 0xf8, 0x0,
    0x0, 0x3f, 0xff, 0xfc, 0x0, 0x0, 0x1f, 0xff,
    0xfe, 0x0, 0x0, 0xf, 0xff, 0xff, 0x0, 0x0,
    0x7, 0xff, 0xff, 0x0, 0x0, 0x1, 0xff, 0xff,
    0x1f, 0xff, 0xfc, 0x7f, 0xff, 0x1f, 0xff, 0xff,
    0x1f, 0xff, 0x1f, 0xff, 0xff, 0xc7, 0xfe, 0x1f,
    0xff, 0xff, 0xf1, 0xfe, 0x1f, 0xff, 0xff, 0xfc,
    0x3a, 0x3f, 0xff, 0xff, 0xff, 0x8, 0x3f, 0xff,
    0xff, 0xff, 0xe0, 0x1f, 0xff, 0xff, 0xff, 0xf0,
    0x7, 0xff, 0xff, 0xff, 0xf0, 0x0,

    /* U+0045 "E" */
    0x7, 0xff, 0xff, 0xff, 0xf0, 0x7f, 0xff, 0xff,
    0xff, 0xc3, 0xff, 0xff, 0xff, 0xfe, 0x8f, 0xff,
    0xff, 0xff, 0xee, 0x1f, 0xff, 0xff, 0xfc, 0x7c,
    0x7f, 0xff, 0xff, 0xc3, 0xf1, 0xff, 0xff, 0xfc,
    0x1f, 0xc7, 0xff, 0xff, 0xc0, 0xff, 0x1f, 0xff,
    0xfc, 0x7, 0xfc, 0x0, 0x0, 0x0, 0x3f, 0xf0,
    0x0, 0x0, 0x1, 0xff, 0x80, 0x0, 0x0, 0xf,
    0xfc, 0x0, 0x0, 0x0, 0x7f, 0xe0, 0x0, 0x0,
    0x3, 0xff, 0x0, 0x0, 0x0, 0x1f, 0xf8, 0x0,
    0x0, 0x0, 0xff, 0xc0, 0x0, 0x0, 0x7, 0xfe,
    0x0, 0x0, 0x0, 0x3f, 0xf0, 0x0, 0x0, 0x1,
    0xff, 0x80, 0x0, 0x0, 0xf, 0xfc, 0x0, 0x0,
    0x0, 0x7f, 0xe0, 0x0, 0x0, 0x3, 0xff, 0x0,
    0x0, 0x0, 0x1f, 0xf8, 0x0, 0x0, 0x0, 0xff,
    0xc0, 0x0, 0x0, 0x7, 0xfc, 0x0, 0x0, 0x0,
    0x3f, 0xc0, 0x0, 0x0, 0x1, 0xfc, 0x0, 0x0,
    0x0, 0xf, 0xc7, 0xff, 0xff, 0xf0, 0x3c, 0x7f,
    0xff, 0xff, 0xc0, 0x47, 0xff, 0xff, 0xff, 0x0,
    0x7f, 0xff, 0xff, 0xfc, 0x7, 0xff, 0xff, 0xff,
    0xf0, 0x1f, 0xff, 0xff, 0xff, 0x4, 0x7f, 0xff,
    0xff, 0xf0, 0xf1, 0xff, 0xff, 0xff, 0xf, 0xc7,
    0xff, 0xff, 0xf0, 0x7f, 0x0, 0x0, 0x0, 0x3,
    0xfc, 0x0, 0x0, 0x0, 0x1f, 0xf0, 0x0, 0x0,
    0x0, 0xff, 0xc0, 0x0, 0x0, 0x7, 0xfe, 0x0,
    0x0, 0x0, 0x3f, 0xf0, 0x0, 0x0, 0x1, 0xff,
    0x80, 0x0, 0x0, 0xf, 0xfc, 0x0, 0x0, 0x0,
    0x7f, 0xe0, 0x0, 0x0, 0x3, 0xff, 0x0, 0x0,
    0x0, 0x1f, 0xf8, 0x0, 0x0, 0x0, 0xff, 0xc0,
    0x0, 0x0, 0x7, 0xfe, 0x0, 0x0, 0x0, 0x3f,
    0xf0, 0x0, 0x0, 0x1, 0xff, 0x80, 0x0, 0x0,
    0xf, 0xfc, 0x0, 0x0, 0x0, 0x7f, 0xe0, 0x0,
    0x0, 0x3, 0xff, 0x0, 0x0, 0x0, 0x1f, 0xf0,
    0x0, 0x0, 0x0, 0xff, 0x1f, 0xff, 0xfc, 0x7,
    0xf1, 0xff, 0xff, 0xf0, 0x3f, 0x1f, 0xff, 0xff,
    0xc1, 0xe1, 0xff, 0xff, 0xff, 0xe, 0x1f, 0xff,
    0xff, 0xfc, 0x23, 0xff, 0xff, 0xff, 0xf0, 0x3f,
    0xff, 0xff, 0xff, 0xe1, 0xff, 0xff, 0xff, 0xff,
    0x7, 0xff, 0xff, 0xff, 0xf0,

    /* U+0046 "F" */
    0x7, 0xff, 0xff, 0xff, 0xf0, 0x7f, 0xff, 0xff,
    0xff, 0xc3, 0xff, 0xff, 0xff, 0xfe, 0x8f, 0xff,
    0xff, 0xff, 0xee, 0x1f, 0xff, 0xff, 0xfc, 0x7c,
    0x7f, 0xff, 0xff, 0xc3, 0xf1, 0xff, 0xff, 0xfc,
    0x1f, 0xc7, 0xff, 0xff, 0xc0, 0xff, 0x1f, 0xff,
    0xfc, 0x7, 0xfc, 0x0, 0x0, 0x0, 0x3f, 0xf0,
    0x0, 0x0, 0x1, 0xff, 0x80, 0x0, 0x0, 0xf,
    0xfc, 0x0, 0x0, 0x0, 0x7f, 0xe0, 0x0, 0x0,
    0x3, 0xff, 0x0, 0x0, 0x0, 0x1f, 0xf8, 0x0,
    0x0, 0x0, 0xff, 0xc0, 0x0, 0x0, 0x7, 0xfe,
    0x0, 0x0, 0x0, 0x3f, 0xf0, 0x0, 0x0, 0x1,
    0xff, 0x80, 0x0, 0x0, 0xf, 0xfc, 0x0, 0x0,
    0x0, 0x7f, 0xe0, 0x0, 0x0, 0x3, 0xff, 0x0,
    0x0, 0x0, 0x1f, 0xf8, 0x0, 0x0, 0x0, 0xff,
    0xc0, 0x0, 0x0, 0x7, 0xfc, 0x0, 0x0, 0x0,
    0x3f, 0xc0, 0x0, 0x0, 0x1, 0xfc, 0x0, 0x0,
    0x0, 0xf, 0xc7, 0xff, 0xff, 0xf0, 0x3c, 0x7f,
    0xff, 0xff, 0xc0, 0x47, 0xff, 0xff, 0xff, 0x0,
    0x7f, 0xff, 0xff, 0xfc, 0x7, 0xff, 0xff, 0xff,
    0xf0, 0x1f, 0xff, 0xff, 0xff, 0x4, 0x7f, 0xff,
    0xff, 0xf0, 0xf1, 0xff, 0xff, 0xff, 0xf, 0xc7,
    0xff, 0xff, 0xf0, 0x7f, 0x0, 0x0, 0x0, 0x3,
    0xfc, 0x0, 0x0, 0x0, 0x1f, 0xf0, 0x0, 0x0,
    0x0, 0xff, 0xc0, 0x0, 0x0, 0x7, 0xfe, 0x0,
    0x0, 0x0, 0x3f, 0xf0, 0x0, 0x0, 0x1, 0xff,
    0x80, 0x0, 0x0, 0xf, 0xfc, 0x0, 0x0, 0x0,
    0x7f, 0xe0, 0x0, 0x0, 0x3, 0xff, 0x0, 0x0,
    0x0, 0x1f, 0xf8, 0x0, 0x0, 0x0, 0xff, 0xc0,
    0x0, 0x0, 0x7, 0xfe, 0x0, 0x0, 0x0, 0x3f,
    0xf0, 0x0, 0x0, 0x1, 0xff, 0x80, 0x0, 0x0,
    0xf, 0xfc, 0x0, 0x0, 0x0, 0x7f, 0xe0, 0x0,
    0x0, 0x3, 0xfe, 0x0, 0x0, 0x0, 0x1f, 0xe0,
    0x0, 0x0, 0x0, 0xfe, 0x0, 0x0, 0x0, 0x7,
    0xe0, 0x0, 0x0, 0x0, 0x3e, 0x0, 0x0, 0x0,
    0x1, 0xe0, 0x0, 0x0, 0x0, 0xe, 0x0, 0x0,
    0x0, 0x0, 0x0, 0x0, 0x0, 0x0, 0x0,

    /* U+0047 "G" */
    0x7, 0xff, 0xff, 0xff, 0xf0, 0x7, 0xff, 0xff,
    0xff, 0xfc, 0x3, 0xff, 0xff, 0xff, 0xfe, 0x8,
    0xff, 0xff, 0xff, 0xfe, 0xf, 0x1f, 0xff, 0xff,
    0xfc, 0x7, 0xc7, 0xff, 0xff, 0xfc, 0x3, 0xf1,
    0xff, 0xff, 0xfc, 0x1, 0xfc, 0x7f, 0xff, 0xfc,
    0x0, 0xff, 0x1f, 0xff, 0xfc, 0x0, 0x7f, 0xc0,
    0x0, 0x0, 0x0, 0x3f, 0xf0, 0x0, 0x0, 0x0,
    0x1f, 0xf8, 0x0, 0x0, 0x0, 0xf, 0xfc, 0x0,
    0x0, 0x0, 0x7, 0xfe, 0x0, 0x0, 0x0, 0x3,
    0xff, 0x0, 0x0, 0x0, 0x1, 0xff, 0x80, 0x0,
    0x0, 0x0, 0xff, 0xc0, 0x0, 0x0, 0x0, 0x7f,
    0xe0, 0x0, 0x0, 0x0, 0x3f, 0xf0, 0x0, 0x0,
    0x0, 0x1f, 0xf8, 0x0, 0x0, 0x0, 0xf, 0xfc,
    0x0, 0x0, 0x0, 0x7, 0xfe, 0x0, 0x0, 0x0,
    0x3, 0xff, 0x0, 0x0, 0x0, 0x1, 0xff, 0x80,
    0x0, 0x0, 0x0, 0xff, 0x80, 0x0, 0x0, 0x0,
    0x7f, 0xc0, 0x0, 0x0, 0x0, 0x3f, 0x80, 0x0,
    0x0, 0x0, 0x1f, 0x80, 0x0, 0x0, 0x0, 0x7,
    0x80, 0x0, 0x0, 0x0, 0x1, 0x80, 0x0, 0x0,
    0x0, 0x0, 0x0, 0x0, 0x0, 0x0, 0x0, 0x0,
    0x0, 0x0, 0x0, 0x0, 0x0, 0x0, 0x0, 0x0,
    0x0, 0x0, 0x0, 0x0, 0x0, 0x0, 0x0, 0x0,
    0x0, 0x0, 0x0, 0x6, 0x0, 0x0, 0x0, 0x0,
    0xc7, 0x80, 0x0, 0x0, 0x0, 0xf7, 0xe0, 0x0,
    0x0, 0x0, 0xff, 0xf8, 0x0, 0x0, 0x0, 0xff,
    0xfe, 0x0, 0x0, 0x1, 0xff, 0xff, 0x80, 0x0,
    0x1, 0xff, 0xff, 0xe0, 0x0, 0x0, 0xff, 0xff,
    0xf0, 0x0, 0x0, 0x7f, 0xff, 0xf8, 0x0, 0x0,
    0x3f, 0xff, 0xfc, 0x0, 0x0, 0x1f, 0xff, 0xfe,
    0x0, 0x0, 0xf, 0xff, 0xff, 0x0, 0x0, 0x7,
    0xff, 0xff, 0x80, 0x0, 0x3, 0xff, 0xff, 0xc0,
    0x0, 0x1, 0xff, 0xff, 0xe0, 0x0, 0x0, 0xff,
    0xff, 0xf0, 0x0, 0x0, 0x7f, 0xff, 0xf8, 0x0,
    0x0, 0x3f, 0xff, 0xfc, 0x0, 0x0, 0x1f, 0xff,
    0xfe, 0x0, 0x0, 0xf, 0xff, 0xff, 0x0, 0x0,
    0x7, 0xff, 0xff, 0x0, 0x0, 0x1, 0xff, 0xff,
    0x1f, 0xff, 0xfc, 0x7f, 0xff, 0x1f, 0xff, 0xff,
    0x1f, 0xff, 0x1f, 0xff, 0xff, 0xc7, 0xfe, 0x1f,
    0xff, 0xff, 0xf1, 0xfe, 0x1f, 0xff, 0xff, 0xfc,
    0x3a, 0x3f, 0xff, 0xff, 0xff, 0x8, 0x3f, 0xff,
    0xff, 0xff, 0xe0, 0x1f, 0xff, 0xff, 0xff, 0xf0,
    0x7, 0xff, 0xff, 0xff, 0xf0, 0x0,

    /* U+0048 "H" */
    0x0, 0x0, 0x0, 0x0, 0x1, 0x70, 0x0, 0x0,
    0x0, 0x1, 0xfc, 0x0, 0x0, 0x0, 0x1, 0xff,
    0x0, 0x0, 0x0, 0x1, 0xff, 0xc0, 0x0, 0x0,
    0x1, 0xff, 0xf0, 0x0, 0x0, 0x1, 0xff, 0xfc,
    0x0, 0x0, 0x1, 0xff, 0xff, 0x0, 0x0, 0x1,
    0xff, 0xff, 0xc0, 0x0, 0x1, 0xff, 0xff, 0xe0,
    0x0, 0x0, 0xff, 0xff, 0xf0, 0x0, 0x0, 0x7f,
    0xff, 0xf8, 0x0, 0x0, 0x3f, 0xff, 0xfc, 0x0,
    0x0, 0x1f, 0xff, 0xfe, 0x0, 0x0, 0xf, 0xff,
    0xff, 0x0, 0x0, 0x7, 0xff, 0xff, 0x80, 0x0,
    0x3, 0xff, 0xff, 0xc0, 0x0, 0x1, 0xff, 0xff,
    0xe0, 0x0, 0x0, 0xff, 0xff, 0xf0, 0x0, 0x0,
    0x7f, 0xff, 0xf8, 0x0, 0x0, 0x3f, 0xff, 0xfc,
    0x0, 0x0, 0x1f, 0xff, 0xfe, 0x0, 0x0, 0xf,
    0xff, 0xfe, 0x0, 0x0, 0x3, 0xff, 0xfe, 0x0,
    0x0, 0x0, 0xff, 0xfe, 0x0, 0x0, 0x0, 0x3f,
    0xfe, 0x3f, 0xff, 0xff, 0x8f, 0xde, 0x3f, 0xff,
    0xff, 0xe3, 0x80, 0x3f, 0xff, 0xff, 0xf8, 0x80,
    0x3f, 0xff, 0xff, 0xfe, 0x0, 0x3f, 0xff, 0xff,
    0xff, 0x80, 0xf, 0xff, 0xff, 0xff, 0x80, 0x23,
    0xff, 0xff, 0xff, 0x8c, 0x78, 0xff, 0xff, 0xff,
    0x8f, 0x7e, 0x3f, 0xff, 0xff, 0x8f, 0xff, 0x80,
    0x0, 0x0, 0xf, 0xff, 0xe0, 0x0, 0x0, 0xf,
    0xff, 0xf8, 0x0, 0x0, 0xf, 0xff, 0xfe, 0x0,
    0x0, 0xf, 0xff, 0xff, 0x0, 0x0, 0x7, 0xff,
    0xff, 0x80, 0x0, 0x3, 0xff, 0xff, 0xc0, 0x0,
    0x1, 0xff, 0xff, 0xe0, 0x0, 0x0, 0xff, 0xff,
    0xf0, 0x0, 0x0, 0x7f, 0xff, 0xf8, 0x0, 0x0,
    0x3f, 0xff, 0xfc, 0x0, 0x0, 0x1f, 0xff, 0xfe,
    0x0, 0x0, 0xf, 0xff, 0xff, 0x0, 0x0, 0x7,
    0xff, 0xff, 0x80, 0x0, 0x3, 0xff, 0xff, 0xc0,
    0x0, 0x1, 0xff, 0xff, 0xe0, 0x0, 0x0, 0xff,
    0xff, 0xf0, 0x0, 0x0, 0x7f, 0xff, 0xf0, 0x0,
    0x0, 0x1f, 0xff, 0xf0, 0x0, 0x0, 0x7, 0xff,
    0xf0, 0x0, 0x0, 0x1, 0xff, 0xf0, 0x0, 0x0,
    0x0, 0x7f, 0xf0, 0x0, 0x0, 0x0, 0x1f, 0xf0,
    0x0, 0x0, 0x0, 0x7, 0xf0, 0x0, 0x0, 0x0,
    0x1, 0xc0, 0x0, 0x0, 0x0, 0x0, 0x0,

    /* U+0049 "I" */
    0x1, 0x80, 0xf0, 0x7c, 0x3f, 0x1f, 0xcf, 0xf7,
    0xff, 0xff, 0xff, 0xff, 0xff, 0xff, 0xff, 0xff,
    0xff, 0xff, 0xff, 0xff, 0xff, 0xff, 0xff, 0xff,
    0xff, 0xff, 0xdf, 0xf3, 0xfc, 0x7f, 0xf, 0xc1,
    0xe0, 0x30, 0x0, 0x0, 0x0, 0x0, 0x0, 0xc,
    0x7, 0x83, 0xf1, 0xfc, 0xff, 0x7f, 0xff, 0xff,
    0xff, 0xff, 0xff, 0xff, 0xff, 0xff, 0xff, 0xff,
    0xff, 0xff, 0xff, 0xff, 0xff, 0xff, 0xff, 0xfd,
    0xff, 0x3f, 0xc7, 0xf0, 0xfc, 0x1f, 0x3, 0xc0,
    0x60, 0x0,

    /* U+004A "J" */
    0x0, 0x0, 0x0, 0x0, 0x0, 0x0, 0x0, 0x0,
    0x0, 0x1, 0x80, 0x0, 0x0, 0x0, 0x1, 0xe0,
    0x0, 0x0, 0x0, 0x1, 0xf0, 0x0, 0x0, 0x0,
    0x1, 0xf8, 0x0, 0x0, 0x0, 0x1, 0xfc, 0x0,
    0x0, 0x0, 0x1, 0xfe, 0x0, 0x0, 0x0, 0x1,
    0xff, 0x0, 0x0, 0x0, 0x1, 0xff, 0x80, 0x0,
    0x0, 0x0, 0xff, 0xc0, 0x0, 0x0, 0x0, 0x7f,
    0xe0, 0x0, 0x0, 0x0, 0x3f, 0xf0, 0x0, 0x0,
    0x0, 0x1f, 0xf8, 0x0, 0x0, 0x0, 0xf, 0xfc,
    0x0, 0x0, 0x0, 0x7, 0xfe, 0x0, 0x0, 0x0,
    0x3, 0xff, 0x0, 0x0, 0x0, 0x1, 0xff, 0x80,
    0x0, 0x0, 0x0, 0xff, 0xc0, 0x0, 0x0, 0x0,
    0x7f, 0xe0, 0x0, 0x0, 0x0, 0x3f, 0xf0, 0x0,
    0x0, 0x0, 0x1f, 0xf8, 0x0, 0x0, 0x0, 0xf,
    0xfc, 0x0, 0x0, 0x0, 0x3, 0xfe, 0x0, 0x0,
    0x0, 0x0, 0xff, 0x0, 0x0, 0x0, 0x0, 0x3f,
    0x80, 0x0, 0x0, 0x0, 0xf, 0xc0, 0x0, 0x0,
    0x0, 0x3, 0xc0, 0x0, 0x0, 0x0, 0x0, 0xc0,
    0x0, 0x0, 0x0, 0x0, 0x0, 0x0, 0x0, 0x0,
    0x0, 0x0, 0x0, 0x0, 0x0, 0x0, 0x0, 0x0,
    0x0, 0x0, 0x0, 0x0, 0x30, 0x0, 0x0, 0x0,
    0x6, 0x3c, 0x0, 0x0, 0x0, 0x7, 0xbf, 0x0,
    0x0, 0x0, 0x7, 0xff, 0xc0, 0x0, 0x0, 0x7,
    0xff, 0xf0, 0x0, 0x0, 0x7, 0xff, 0xfc, 0x0,
    0x0, 0x7, 0xff, 0xff, 0x0, 0x0, 0x7, 0xff,
    0xff, 0x80, 0x0, 0x3, 0xff, 0xff, 0xc0, 0x0,
    0x1, 0xff, 0xff, 0xe0, 0x0, 0x0, 0xff, 0xff,
    0xf0, 0x0, 0x0, 0x7f, 0xff, 0xf8, 0x0, 0x0,
    0x3f, 0xff, 0xfc, 0x0, 0x0, 0x1f, 0xff, 0xfe,
    0x0, 0x0, 0xf, 0xff, 0xff, 0x0, 0x0, 0x7,
    0xff, 0xff, 0x80, 0x0, 0x3, 0xff, 0xff, 0xc0,
    0x0, 0x1, 0xff, 0xff, 0xe0, 0x0, 0x0, 0xff,
    0xff, 0xf0, 0x0, 0x0, 0x7f, 0xff, 0xf8, 0x0,
    0x0, 0x3f, 0xff, 0xf8, 0x0, 0x0, 0xf, 0xff,
    0xf8, 0xff, 0xff, 0xe3, 0xff, 0xf8, 0xff, 0xff,
    0xf8, 0xff, 0xf8, 0xff, 0xff, 0xfe, 0x3f, 0xf0,
    0xff, 0xff, 0xff, 0x8f, 0xf0, 0xff, 0xff, 0xff,
    0xe1, 0xd1, 0xff, 0xff, 0xff, 0xf8, 0x41, 0xff,
    0xff, 0xff, 0xff, 0x0, 0xff, 0xff, 0xff, 0xff,
    0x80, 0x3f, 0xff, 0xff, 0xff, 0x80,

    /* U+004B "K" */
    0x0, 0x0, 0x0, 0x0, 0x1, 0x70, 0x0, 0x0,
    0x0, 0x1, 0xfc, 0x0, 0x0, 0x0, 0x1, 0xff,
    0x0, 0x0, 0x0, 0x1, 0xff, 0xc0, 0x0, 0x0,
    0x1, 0xff, 0xf0, 0x0, 0x0, 0x1, 0xff, 0xfc,
    0x0, 0x0, 0x1, 0xff, 0xff, 0x0, 0x0, 0x1,
    0xff, 0xff, 0xc0, 0x0, 0x1, 0xff, 0xff, 0xe0,
    0x0, 0x0, 0xff, 0xff, 0xf0, 0x0, 0x0, 0x7f,
    0xff, 0xf8, 0x0, 0x0, 0x3f, 0xff, 0xfc, 0x0,
    0x0, 0x1f, 0xff, 0xfe, 0x0, 0x0, 0xf, 0xff,
    0xff, 0x0, 0x0, 0x7, 0xff, 0xff, 0x80, 0x0,
    0x3, 0xff, 0xff, 0xc0, 0x0, 0x1, 0xff, 0xff,
    0xe0, 0x0, 0x0, 0xff, 0xff, 0xf0, 0x0, 0x0,
    0x7f, 0xff, 0xf8, 0x0, 0x0, 0x3f, 0xff, 0xfc,
    0x0, 0x0, 0x1f, 0xff, 0xfe, 0x0, 0x0, 0xf,
    0xff, 0xfe, 0x0, 0x0, 0x3, 0xff, 0xfe, 0x0,
    0x0, 0x0, 0xff, 0xfe, 0x0, 0x0, 0x0, 0x3f,
    0xfe, 0x3f, 0xff, 0xff, 0x8f, 0xde, 0x3f, 0xff,
    0xff, 0xe3, 0x80, 0x3f, 0xff, 0xff, 0xf8, 0x80,
    0x3f, 0xff, 0xff, 0xfe, 0x0, 0x3f, 0xff, 0xff,
    0xff, 0x80, 0xf, 0xff, 0xff, 0xff, 0x80, 0x23,
    0xff, 0xff, 0xff, 0x80, 0x78, 0xff, 0xff, 0xff,
    0x80, 0x7e, 0x3f, 0xff, 0xff, 0x80, 0x3f, 0x80,
    0x0, 0x0, 0x0, 0x1f, 0xe0, 0x0, 0x0, 0x0,
    0xf, 0xf8, 0x0, 0x0, 0x0, 0x7, 0xfe, 0x0,
    0x0, 0x0, 0x3, 0xff, 0x0, 0x0, 0x0, 0x1,
    0xff, 0x80, 0x0, 0x0, 0x0, 0xff, 0xc0, 0x0,
    0x0, 0x0, 0x7f, 0xe0, 0x0, 0x0, 0x0, 0x3f,
    0xf0, 0x0, 0x0, 0x0, 0x1f, 0xf8, 0x0, 0x0,
    0x0, 0xf, 0xfc, 0x0, 0x0, 0x0, 0x7, 0xfe,
    0x0, 0x0, 0x0, 0x3, 0xff, 0x0, 0x0, 0x0,
    0x1, 0xff, 0x80, 0x0, 0x0, 0x0, 0xff, 0xc0,
    0x0, 0x0, 0x0, 0x7f, 0xe0, 0x0, 0x0, 0x0,
    0x3f, 0xf0, 0x0, 0x0, 0x0, 0x1f, 0xf8, 0x0,
    0x0, 0x0, 0xf, 0xf8, 0x0, 0x0, 0x0, 0x7,
    0xf8, 0xff, 0xff, 0xe0, 0x3, 0xf8, 0xff, 0xff,
    0xf8, 0x1, 0xf8, 0xff, 0xff, 0xfe, 0x0, 0xf0,
    0xff, 0xff, 0xff, 0x80, 0x70, 0xff, 0xff, 0xff,
    0xe0, 0x11, 0xff, 0xff, 0xff, 0xf8, 0x1, 0xff,
    0xff, 0xff, 0xff, 0x0, 0xff, 0xff, 0xff, 0xff,
    0x80, 0x3f, 0xff, 0xff, 0xff, 0x80,

    /* U+004C "L" */
    0x0, 0x0, 0x0, 0x0, 0x0, 0x30, 0x0, 0x0,
    0x0, 0x0, 0x3c, 0x0, 0x0, 0x0, 0x0, 0x1f,
    0x0, 0x0, 0x0, 0x0, 0xf, 0xc0, 0x0, 0x0,
    0x0, 0x7, 0xf0, 0x0, 0x0, 0x0, 0x3, 0xfc,
    0x0, 0x0, 0x0, 0x1, 0xff, 0x0, 0x0, 0x0,
    0x0, 0xff, 0xc0, 0x0, 0x0, 0x0, 0x7f, 0xe0,
    0x0, 0x0, 0x0, 0x3f, 0xf0, 0x0, 0x0, 0x0,
    0x1f, 0xf8, 0x0, 0x0, 0x0, 0xf, 0xfc, 0x0,
    0x0, 0x0, 0x7, 0xfe, 0x0, 0x0, 0x0, 0x3,
    0xff, 0x0, 0x0, 0x0, 0x1, 0xff, 0x80, 0x0,
    0x0, 0x0, 0xff, 0xc0, 0x0, 0x0, 0x0, 0x7f,
    0xe0, 0x0, 0x0, 0x0, 0x3f, 0xf0, 0x0, 0x0,
    0x0, 0x1f, 0xf8, 0x0, 0x0, 0x0, 0xf, 0xfc,
    0x0, 0x0, 0x0, 0x7, 0xfe, 0x0, 0x0, 0x0,
    0x3, 0xfe, 0x0, 0x0, 0x0, 0x1, 0xfe, 0x0,
    0x0, 0x0, 0x0, 0xfe, 0x0, 0x0, 0x0, 0x0,
    0x7e, 0x0, 0x0, 0x0, 0x0, 0x1e, 0x0, 0x0,
    0x0, 0x0, 0x6, 0x0, 0x0, 0x0, 0x0, 0x0,
    0x0, 0x0, 0x0, 0x0, 0x0, 0x0, 0x0, 0x0,
    0x0, 0x0, 0x0, 0x0, 0x0, 0x0, 0x0, 0x0,
    0x0, 0x0, 0x0, 0x0, 0x30, 0x0, 0x0, 0x0,
    0x6, 0x3c, 0x0, 0x0, 0x0, 0x7, 0xbf, 0x0,
    0x0, 0x0, 0x7, 0xff, 0xc0, 0x0, 0x0, 0x7,
    0xff, 0xf0, 0x0, 0x0, 0x7, 0xff, 0xfc, 0x0,
    0x0, 0x7, 0xff, 0xff, 0x0, 0x0, 0x7, 0xff,
    0xff, 0x80, 0x0, 0x3, 0xff, 0xff, 0xc0, 0x0,
    0x1, 0xff, 0xff, 0xe0, 0x0, 0x0, 0xff, 0xff,
    0xf0, 0x0, 0x0, 0x7f, 0xff, 0xf8, 0x0, 0x0,
    0x3f, 0xff, 0xfc, 0x0, 0x0, 0x1f, 0xff, 0xfe,
    0x0, 0x0, 0xf, 0xff, 0xff, 0x0, 0x0, 0x7,
    0xff, 0xff, 0x80, 0x0, 0x3, 0xff, 0xff, 0xc0,
    0x0, 0x1, 0xff, 0xff, 0xe0, 0x0, 0x0, 0xff,
    0xff, 0xf0, 0x0, 0x0, 0x7f, 0xff, 0xf8, 0x0,
    0x0, 0x3f, 0xff, 0xf8, 0x0, 0x0, 0xf, 0xff,
    0xf8, 0xff, 0xff, 0xe3, 0xff, 0xf8, 0xff, 0xff,
    0xf8, 0xff, 0xf8, 0xff, 0xff, 0xfe, 0x3f, 0xf0,
    0xff, 0xff, 0xff, 0x8f, 0xf0, 0xff, 0xff, 0xff,
    0xe1, 0xd1, 0xff, 0xff, 0xff, 0xf8, 0x41, 0xff,
    0xff, 0xff, 0xff, 0x0, 0xff, 0xff, 0xff, 0xff,
    0x80, 0x3f, 0xff, 0xff, 0xff, 0x80,

    /* U+004D "M" */
    0x7, 0xff, 0xff, 0xff, 0xf0, 0x7, 0xff, 0xff,
    0xff, 0xfc, 0x3, 0xff, 0xff, 0xff, 0xfe, 0x0,
    0xff, 0xff, 0xff, 0xfe, 0x0, 0x1f, 0xff, 0xff,
    0xfc, 0x0, 0x7, 0xff, 0xff, 0xfc, 0x0, 0x1,
    0xff, 0xff, 0xfc, 0x0, 0x0, 0x7f, 0xff, 0xfc,
    0x0, 0x0, 0x1f, 0xff, 0xfc, 0x0, 0x0, 0x0,
    0x0, 0x0, 0x0, 0x0, 0x0, 0x0, 0x0, 0x0,
    0x0, 0x0, 0x0, 0x0, 0x0, 0x0, 0x0, 0x0,
    0x0, 0x0, 0x0, 0x0, 0x0, 0x0, 0x0, 0x0,
    0x0, 0x0, 0x0, 0x0, 0x0, 0x0, 0x0, 0x0,
    0x0, 0x0, 0x0, 0x0, 0x0, 0x0, 0x0, 0x0,
    0x0, 0x0, 0x0, 0x0, 0x0, 0x0, 0x0, 0x0,
    0x0, 0x0, 0x0, 0x0, 0x0, 0x0, 0x0, 0x0,
    0x0, 0x0, 0x0, 0x0, 0x0, 0x0, 0x0, 0x0,
    0x0, 0x0, 0x0, 0x0, 0x0, 0x0, 0x0, 0x0,
    0x0, 0x0, 0x0, 0x0, 0x0, 0x0, 0x0, 0x0,
    0x0, 0x0, 0x0, 0x0, 0x0, 0x0, 0x0, 0x0,
    0x0, 0x0, 0x0, 0x0, 0x0, 0x0, 0x0, 0x0,
    0x7, 0xff, 0xff, 0xf0, 0x0, 0x7, 0xff, 0xff,
    0xfc, 0x0, 0x7, 0xff, 0xff, 0xff, 0x0, 0x7,
    0xff, 0xff, 0xff, 0xc0, 0x7, 0xff, 0xff, 0xff,
    0xf0, 0x1, 0xff, 0xff, 0xff, 0xf0, 0x4, 0x7f,
    0xff, 0xff, 0xf1, 0x8f, 0x1f, 0xff, 0xff, 0xf1,
    0xef, 0xc7, 0xff, 0xff, 0xf1, 0xff, 0xf0, 0x0,
    0x0, 0x1, 0xff, 0xfc, 0x0, 0x0, 0x1, 0xff,
    0xff, 0x0, 0x0, 0x1, 0xff, 0xff, 0xc0, 0x0,
    0x1, 0xff, 0xff, 0xe0, 0x0, 0x0, 0xff, 0xff,
    0xf0, 0x0, 0x0, 0x7f, 0xff, 0xf8, 0x0, 0x0,
    0x3f, 0xff, 0xfc, 0x0, 0x0, 0x1f, 0xff, 0xfe,
    0x0, 0x0, 0xf, 0xff, 0xff, 0x0, 0x0, 0x7,
    0xff, 0xff, 0x80, 0x0, 0x3, 0xff, 0xff, 0xc0,
    0x0, 0x1, 0xff, 0xff, 0xe0, 0x0, 0x0, 0xff,
    0xff, 0xf0, 0x0, 0x0, 0x7f, 0xff, 0xf8, 0x0,
    0x0, 0x3f, 0xff, 0xfc, 0x0, 0x0, 0x1f, 0xff,
    0xfe, 0x0, 0x0, 0xf, 0xff, 0xfe, 0x0, 0x0,
    0x3, 0xff, 0xfe, 0x0, 0x0, 0x0, 0xff, 0xfe,
    0x0, 0x0, 0x0, 0x3f, 0xfe, 0x0, 0x0, 0x0,
    0xf, 0xfe, 0x0, 0x0, 0x0, 0x3, 0xfe, 0x0,
    0x0, 0x0, 0x0, 0xfe, 0x0, 0x0, 0x0, 0x0,
    0x38, 0x0, 0x0, 0x0, 0x0, 0x0,

    /* U+004E "N" */
    0x7, 0xff, 0xff, 0xff, 0xf0, 0x7, 0xff, 0xff,
    0xff, 0xfc, 0x3, 0xff, 0xff, 0xff, 0xfe, 0x8,
    0xff, 0xff, 0xff, 0xfe, 0x2f, 0x1f, 0xff, 0xff,
    0xfc, 0x3f, 0xc7, 0xff, 0xff, 0xfc, 0x7f, 0xf1,
    0xff, 0xff, 0xfc, 0x7f, 0xfc, 0x7f, 0xff, 0xfc,
    0x7f, 0xff, 0x1f, 0xff, 0xfc, 0x7f, 0xff, 0xc0,
    0x0, 0x0, 0x7f, 0xff, 0xf0, 0x0, 0x0, 0x7f,
    0xff, 0xf8, 0x0, 0x0, 0x3f, 0xff, 0xfc, 0x0,
    0x0, 0x1f, 0xff, 0xfe, 0x0, 0x0, 0xf, 0xff,
    0xff, 0x0, 0x0, 0x7, 0xff, 0xff, 0x80, 0x0,
    0x3, 0xff, 0xff, 0xc0, 0x0, 0x1, 0xff, 0xff,
    0xe0, 0x0, 0x0, 0xff, 0xff, 0xf0, 0x0, 0x0,
    0x7f, 0xff, 0xf8, 0x0, 0x0, 0x3f, 0xff, 0xfc,
    0x0, 0x0, 0x1f, 0xff, 0xfe, 0x0, 0x0, 0xf,
    0xff, 0xff, 0x0, 0x0, 0x7, 0xff, 0xff, 0x80,
    0x0, 0x3, 0xff, 0xff, 0x80, 0x0, 0x0, 0xff,
    0xff, 0x80, 0x0, 0x0, 0x3f, 0xff, 0x80, 0x0,
    0x0, 0xf, 0xff, 0x80, 0x0, 0x0, 0x3, 0xf7,
    0x80, 0x0, 0x0, 0x0, 0xf1, 0x80, 0x0, 0x0,
    0x0, 0x30, 0x0, 0x0, 0x0, 0x0, 0x0, 0x0,
    0x0, 0x0, 0x0, 0x0, 0x0, 0x0, 0x0, 0x0,
    0x0, 0x0, 0x0, 0x0, 0x0, 0x0, 0xc, 0x0,
    0x0, 0x0, 0x1, 0x8f, 0x0, 0x0, 0x0, 0x1,
    0xef, 0xc0, 0x0, 0x0, 0x1, 0xff, 0xf0, 0x0,
    0x0, 0x1, 0xff, 0xfc, 0x0, 0x0, 0x1, 0xff,
    0xff, 0x0, 0x0, 0x1, 0xff, 0xff, 0xc0, 0x0,
    0x1, 0xff, 0xff, 0xe0, 0x0, 0x0, 0xff, 0xff,
    0xf0, 0x0, 0x0, 0x7f, 0xff, 0xf8, 0x0, 0x0,
    0x3f, 0xff, 0xfc, 0x0, 0x0, 0x1f, 0xff, 0xfe,
    0x0, 0x0, 0xf, 0xff, 0xff, 0x0, 0x0, 0x7,
    0xff, 0xff, 0x80, 0x0, 0x3, 0xff, 0xff, 0xc0,
    0x0, 0x1, 0xff, 0xff, 0xe0, 0x0, 0x0, 0xff,
    0xff, 0xf0, 0x0, 0x0, 0x7f, 0xff, 0xf8, 0x0,
    0x0, 0x3f, 0xff, 0xfc, 0x0, 0x0, 0x1f, 0xff,
    0xfe, 0x0, 0x0, 0xf, 0xff, 0xfe, 0x0, 0x0,
    0x3, 0xff, 0xfe, 0x0, 0x0, 0x0, 0xff, 0xfe,
    0x0, 0x0, 0x0, 0x3f, 0xfe, 0x0, 0x0, 0x0,
    0xf, 0xfe, 0x0, 0x0, 0x0, 0x3, 0xfe, 0x0,
    0x0, 0x0, 0x0, 0xf6, 0x0, 0x0, 0x0, 0x0,
    0x30, 0x0, 0x0, 0x0, 0x0, 0x0,

    /* U+004F "O" */
    0x7, 0xff, 0xff, 0xff, 0xf0, 0x7, 0xff, 0xff,
    0xff, 0xfc, 0x3, 0xff, 0xff, 0xff, 0xfe, 0x8,
    0xff, 0xff, 0xff, 0xfe, 0x2f, 0x1f, 0xff, 0xff,
    0xfc, 0x3f, 0xc7, 0xff, 0xff, 0xfc, 0x7f, 0xf1,
    0xff, 0xff, 0xfc, 0x7f, 0xfc, 0x7f, 0xff, 0xfc,
    0x7f, 0xff, 0x1f, 0xff, 0xfc, 0x7f, 0xff, 0xc0,
    0x0, 0x0, 0x7f, 0xff, 0xf0, 0x0, 0x0, 0x7f,
    0xff, 0xf8, 0x0, 0x0, 0x3f, 0xff, 0xfc, 0x0,
    0x0, 0x1f, 0xff, 0xfe, 0x0, 0x0, 0xf, 0xff,
    0xff, 0x0, 0x0, 0x7, 0xff, 0xff, 0x80, 0x0,
    0x3, 0xff, 0xff, 0xc0, 0x0, 0x1, 0xff, 0xff,
    0xe0, 0x0, 0x0, 0xff, 0xff, 0xf0, 0x0, 0x0,
    0x7f, 0xff, 0xf8, 0x0, 0x0, 0x3f, 0xff, 0xfc,
    0x0, 0x0, 0x1f, 0xff, 0xfe, 0x0, 0x0, 0xf,
    0xff, 0xff, 0x0, 0x0, 0x7, 0xff, 0xff, 0x80,
    0x0, 0x3, 0xff, 0xff, 0x80, 0x0, 0x0, 0xff,
    0xff, 0xc0, 0x0, 0x0, 0x3f, 0xff, 0x80, 0x0,
    0x0, 0x1f, 0xff, 0x80, 0x0, 0x0, 0x7, 0xf7,
    0x80, 0x0, 0x0, 0x1, 0xf1, 0x80, 0x0, 0x0,
    0x0, 0x70, 0x0, 0x0, 0x0, 0x0, 0x0, 0x0,
    0x0, 0x0, 0x0, 0x0, 0x0, 0x0, 0x0, 0x0,
    0x0, 0x0, 0x0, 0x0, 0x0, 0x0, 0x0, 0x0,
    0x0, 0x0, 0x0, 0x6, 0x0, 0x0, 0x0, 0x0,
    0xc7, 0x80, 0x0, 0x0, 0x0, 0xf7, 0xe0, 0x0,
    0x0, 0x0, 0xff, 0xf8, 0x0, 0x0, 0x0, 0xff,
    0xfe, 0x0, 0x0, 0x1, 0xff, 0xff, 0x80, 0x0,
    0x1, 0xff, 0xff, 0xe0, 0x0, 0x0, 0xff, 0xff,
    0xf0, 0x0, 0x0, 0x7f, 0xff, 0xf8, 0x0, 0x0,
    0x3f, 0xff, 0xfc, 0x0, 0x0, 0x1f, 0xff, 0xfe,
    0x0, 0x0, 0xf, 0xff, 0xff, 0x0, 0x0, 0x7,
    0xff, 0xff, 0x80, 0x0, 0x3, 0xff, 0xff, 0xc0,
    0x0, 0x1, 0xff, 0xff, 0xe0, 0x0, 0x0, 0xff,
    0xff, 0xf0, 0x0, 0x0, 0x7f, 0xff, 0xf8, 0x0,
    0x0, 0x3f, 0xff, 0xfc, 0x0, 0x0, 0x1f, 0xff,
    0xfe, 0x0, 0x0, 0xf, 0xff, 0xff, 0x0, 0x0,
    0x7, 0xff, 0xff, 0x0, 0x0, 0x1, 0xff, 0xff,
    0x1f, 0xff, 0xfc, 0x7f, 0xff, 0x1f, 0xff, 0xff,
    0x1f, 0xff, 0x1f, 0xff, 0xff, 0xc7, 0xfe, 0x1f,
    0xff, 0xff, 0xf1, 0xfe, 0x1f, 0xff, 0xff, 0xfc,
    0x3a, 0x3f, 0xff, 0xff, 0xff, 0x8, 0x3f, 0xff,
    0xff, 0xff, 0xe0, 0x1f, 0xff, 0xff, 0xff, 0xf0,
    0x7, 0xff, 0xff, 0xff, 0xf0, 0x0,

    /* U+0050 "P" */
    0x7, 0xff, 0xff, 0xff, 0xf0, 0x7, 0xff, 0xff,
    0xff, 0xfc, 0x3, 0xff, 0xff, 0xff, 0xfe, 0x8,
    0xff, 0xff, 0xff, 0xfe, 0x2e, 0x1f, 0xff, 0xff,
    0xfc, 0x3f, 0xc7, 0xff, 0xff, 0xfc, 0x7f, 0xf1,
    0xff, 0xff, 0xfc, 0x7f, 0xfc, 0x7f, 0xff, 0xfc,
    0x7f, 0xff, 0x1f, 0xff, 0xfc, 0x7f, 0xff, 0xc0,
    0x0, 0x0, 0x7f, 0xff, 0xf0, 0x0, 0x0, 0x7f,
    0xff, 0xf8, 0x0, 0x0, 0x3f, 0xff, 0xfc, 0x0,
    0x0, 0x1f, 0xff, 0xfe, 0x0, 0x0, 0xf, 0xff,
    0xff, 0x0, 0x0, 0x7, 0xff, 0xff, 0x80, 0x0,
    0x3, 0xff, 0xff, 0xc0, 0x0, 0x1, 0xff, 0xff,
    0xe0, 0x0, 0x0, 0xff, 0xff, 0xf0, 0x0, 0x0,
    0x7f, 0xff, 0xf8, 0x0, 0x0, 0x3f, 0xff, 0xfc,
    0x0, 0x0, 0x1f, 0xff, 0xfe, 0x0, 0x0, 0xf,
    0xff, 0xff, 0x0, 0x0, 0x7, 0xff, 0xff, 0x80,
    0x0, 0x3, 0xff, 0xff, 0xc0, 0x0, 0x1, 0xff,
    0xff, 0xc0, 0x0, 0x0, 0x7f, 0xff, 0xc0, 0x0,
    0x0, 0x1f, 0xff, 0xc0, 0x0, 0x0, 0x7, 0xff,
    0xc7, 0xff, 0xff, 0xf1, 0xfb, 0xc7, 0xff, 0xff,
    0xfc, 0x70, 0x47, 0xff, 0xff, 0xff, 0x10, 0x7,
    0xff, 0xff, 0xff, 0xc0, 0x7, 0xff, 0xff, 0xff,
    0xf0, 0x1, 0xff, 0xff, 0xff, 0xf0, 0x4, 0x7f,
    0xff, 0xff, 0xf0, 0xf, 0x1f, 0xff, 0xff, 0xf0,
    0xf, 0xc7, 0xff, 0xff, 0xf0, 0x7, 0xf0, 0x0,
    0x0, 0x0, 0x3, 0xfc, 0x0, 0x0, 0x0, 0x1,
    0xff, 0x0, 0x0, 0x0, 0x0, 0xff, 0xc0, 0x0,
    0x0, 0x0, 0x7f, 0xe0, 0x0, 0x0, 0x0, 0x3f,
    0xf0, 0x0, 0x0, 0x0, 0x1f, 0xf8, 0x0, 0x0,
    0x0, 0xf, 0xfc, 0x0, 0x0, 0x0, 0x7, 0xfe,
    0x0, 0x0, 0x0, 0x3, 0xff, 0x0, 0x0, 0x0,
    0x1, 0xff, 0x80, 0x0, 0x0, 0x0, 0xff, 0xc0,
    0x0, 0x0, 0x0, 0x7f, 0xe0, 0x0, 0x0, 0x0,
    0x3f, 0xf0, 0x0, 0x0, 0x0, 0x1f, 0xf8, 0x0,
    0x0, 0x0, 0xf, 0xfc, 0x0, 0x0, 0x0, 0x7,
    0xfe, 0x0, 0x0, 0x0, 0x3, 0xfe, 0x0, 0x0,
    0x0, 0x1, 0xfe, 0x0, 0x0, 0x0, 0x0, 0xfe,
    0x0, 0x0, 0x0, 0x0, 0x7e, 0x0, 0x0, 0x0,
    0x0, 0x3e, 0x0, 0x0, 0x0, 0x0, 0x1e, 0x0,
    0x0, 0x0, 0x0, 0xe, 0x0, 0x0, 0x0, 0x0,
    0x0, 0x0, 0x0, 0x0, 0x0, 0x0,

    /* U+0051 "Q" */
    0x7, 0xff, 0xff, 0xff, 0xf0, 0x7, 0xff, 0xff,
    0xff, 0xfc, 0x3, 0xff, 0xff, 0xff, 0xfe, 0x8,
    0xff, 0xff, 0xff, 0xfe, 0x2e, 0x1f, 0xff, 0xff,
    0xfc, 0x3f, 0xc7, 0xff, 0xff, 0xfc, 0x7f, 0xf1,
    0xff, 0xff, 0xfc, 0x7f, 0xfc, 0x7f, 0xff, 0xfc,
    0x7f, 0xff, 0x1f, 0xff, 0xfc, 0x7f, 0xff, 0xc0,
    0x0, 0x0, 0x7f, 0xff, 0xf0, 0x0, 0x0, 0x7f,
    0xff, 0xf8, 0x0, 0x0, 0x3f, 0xff, 0xfc, 0x0,
    0x0, 0x1f, 0xff, 0xfe, 0x0, 0x0, 0xf, 0xff,
    0xff, 0x0, 0x0, 0x7, 0xff, 0xff, 0x80, 0x0,
    0x3, 0xff, 0xff, 0xc0, 0x0, 0x1, 0xff, 0xff,
    0xe0, 0x0, 0x0, 0xff, 0xff, 0xf0, 0x0, 0x0,
    0x7f, 0xff, 0xf8, 0x0, 0x0, 0x3f, 0xff, 0xfc,
    0x0, 0x0, 0x1f, 0xff, 0xfe, 0x0, 0x0, 0xf,
    0xff, 0xff, 0x0, 0x0, 0x7, 0xff, 0xff, 0x80,
    0x0, 0x3, 0xff, 0xff, 0xc0, 0x0, 0x1, 0xff,
    0xff, 0xc0, 0x0, 0x0, 0x7f, 0xff, 0xc0, 0x0,
    0x0, 0x1f, 0xff, 0xc0, 0x0, 0x0, 0x7, 0xff,
    0xc7, 0xff, 0xff, 0xf1, 0xfb, 0xc7, 0xff, 0xff,
    0xfc, 0x70, 0x47, 0xff, 0xff, 0xff, 0x10, 0x7,
    0xff, 0xff, 0xff, 0xc0, 0x7, 0xff, 0xff, 0xff,
    0xf0, 0x1, 0xff, 0xff, 0xff, 0xf0, 0x0, 0x7f,
    0xff, 0xff, 0xf0, 0x0, 0x1f, 0xff, 0xff, 0xf0,
    0x0, 0x7, 0xff, 0xff, 0xf0, 0x0, 0x0, 0x0,
    0x0, 0x0, 0x0, 0x0, 0x0, 0x0, 0x0, 0x0,
    0x0, 0x0, 0x0, 0x0, 0x0, 0x0, 0x0, 0x0,
    0x0, 0x0, 0x0, 0x0, 0x0, 0x0, 0x0, 0x0,
    0x0, 0x0, 0x0, 0x0, 0x0, 0x0, 0x0, 0x0,
    0x0, 0x0, 0x0, 0x0, 0x0, 0x0, 0x0, 0x0,
    0x0, 0x0, 0x0, 0x0, 0x0, 0x0, 0x0, 0x0,
    0x0, 0x0, 0x0, 0x0, 0x0, 0x0, 0x0, 0x0,
    0x0, 0x0, 0x0, 0x0, 0x0, 0x0, 0x0, 0x0,
    0x0, 0x0, 0x0, 0x0, 0x0, 0x0, 0x0, 0x0,
    0x0, 0x0, 0x0, 0x0, 0x0, 0x0, 0x0, 0x0,
    0x0, 0x0, 0x0, 0x0, 0x0, 0x0, 0x0, 0x0,
    0x0, 0x0, 0x0, 0x0, 0x0, 0x0, 0x0, 0x0,
    0x1f, 0xff, 0xfc, 0x0, 0x0, 0x1f, 0xff, 0xff,
    0x0, 0x0, 0x1f, 0xff, 0xff, 0xc0, 0x0, 0x1f,
    0xff, 0xff, 0xf0, 0x0, 0x1f, 0xff, 0xff, 0xfc,
    0x0, 0x3f, 0xff, 0xff, 0xff, 0x0, 0x3f, 0xff,
    0xff, 0xff, 0xe0, 0x1f, 0xff, 0xff, 0xff, 0xf0,
    0x7, 0xff, 0xff, 0xff, 0xf0, 0x0,

    /* U+0052 "R" */
    0x7, 0xff, 0xff, 0xff, 0xf0, 0x7f, 0xff, 0xff,
    0xff, 0xc3, 0xff, 0xff, 0xff, 0xfe, 0x8f, 0xff,
    0xff, 0xff, 0xef, 0x1f, 0xff, 0xff, 0xfc, 0x7c,
    0x7f, 0xff, 0xff, 0xc3, 0xf1, 0xff, 0xff, 0xfc,
    0x1f, 0xc7, 0xff, 0xff, 0xc0, 0xff, 0x1f, 0xff,
    0xfc, 0x7, 0xfc, 0x0, 0x0, 0x0, 0x3f, 0xf0,
    0x0, 0x0, 0x1, 0xff, 0x80, 0x0, 0x0, 0xf,
    0xfc, 0x0, 0x0, 0x0, 0x7f, 0xe0, 0x0, 0x0,
    0x3, 0xff, 0x0, 0x0, 0x0, 0x1f, 0xf8, 0x0,
    0x0, 0x0, 0xff, 0xc0, 0x0, 0x0, 0x7, 0xfe,
    0x0, 0x0, 0x0, 0x3f, 0xf0, 0x0, 0x0, 0x1,
    0xff, 0x80, 0x0, 0x0, 0xf, 0xfc, 0x0, 0x0,
    0x0, 0x7f, 0xe0, 0x0, 0x0, 0x3, 0xff, 0x0,
    0x0, 0x0, 0x1f, 0xf8, 0x0, 0x0, 0x0, 0xff,
    0x80, 0x0, 0x0, 0x7, 0xf8, 0x0, 0x0, 0x0,
    0x3f, 0x80, 0x0, 0x0, 0x1, 0xf8, 0x0, 0x0,
    0x0, 0x7, 0x80, 0x0, 0x0, 0x0, 0x18, 0x0,
    0x0, 0x0, 0x0, 0x0, 0x0, 0x0, 0x0, 0x0,
    0x0, 0x0, 0x0, 0x0, 0x0, 0x0, 0x0, 0x0,
    0x0, 0x0, 0x0, 0x0, 0x0, 0xc, 0x0, 0x0,
    0x0, 0x0, 0xf0, 0x0, 0x0, 0x0, 0xf, 0xc0,
    0x0, 0x0, 0x0, 0x7f, 0x0, 0x0, 0x0, 0x3,
    0xfc, 0x0, 0x0, 0x0, 0x1f, 0xf0, 0x0, 0x0,
    0x0, 0xff, 0xc0, 0x0, 0x0, 0x7, 0xfe, 0x0,
    0x0, 0x0, 0x3f, 0xf0, 0x0, 0x0, 0x1, 0xff,
    0x80, 0x0, 0x0, 0xf, 0xfc, 0x0, 0x0, 0x0,
    0x7f, 0xe0, 0x0, 0x0, 0x3, 0xff, 0x0, 0x0,
    0x0, 0x1f, 0xf8, 0x0, 0x0, 0x0, 0xff, 0xc0,
    0x0, 0x0, 0x7, 0xfe, 0x0, 0x0, 0x0, 0x3f,
    0xf0, 0x0, 0x0, 0x1, 0xff, 0x80, 0x0, 0x0,
    0xf, 0xfc, 0x0, 0x0, 0x0, 0x7f, 0xe0, 0x0,
    0x0, 0x3, 0xfe, 0x0, 0x0, 0x0, 0x1f, 0xe0,
    0x0, 0x0, 0x0, 0xfe, 0x0, 0x0, 0x0, 0x7,
    0xe0, 0x0, 0x0, 0x0, 0x3e, 0x0, 0x0, 0x0,
    0x1, 0xe0, 0x0, 0x0, 0x0, 0x6, 0x0, 0x0,
    0x0, 0x0, 0x0, 0x0, 0x0, 0x0, 0x0,

    /* U+0053 "S" */
    0x7, 0xff, 0xff, 0xff, 0xf0, 0x7, 0xff, 0xff,
    0xff, 0xfc, 0x3, 0xff, 0xff, 0xff, 0xfe, 0x8,
    0xff, 0xff, 0xff, 0xfe, 0xe, 0x1f, 0xff, 0xff,
    0xfc, 0x7, 0xc7, 0xff, 0xff, 0xfc, 0x3, 0xf1,
    0xff, 0xff, 0xfc, 0x1, 0xfc, 0x7f, 0xff, 0xfc,
    0x0, 0xff, 0x1f, 0xff, 0xfc, 0x0, 0x7f, 0xc0,
    0x0, 0x0, 0x0, 0x3f, 0xf0, 0x0, 0x0, 0x0,
    0x1f, 0xf8, 0x0, 0x0, 0x0, 0xf, 0xfc, 0x0,
    0x0, 0x0, 0x7, 0xfe, 0x0, 0x0, 0x0, 0x3,
    0xff, 0x0, 0x0, 0x0, 0x1, 0xff, 0x80, 0x0,
    0x0, 0x0, 0xff, 0xc0, 0x0, 0x0, 0x0, 0x7f,
    0xe0, 0x0, 0x0, 0x0, 0x3f, 0xf0, 0x0, 0x0,
    0x0, 0x1f, 0xf8, 0x0, 0x0, 0x0, 0xf, 0xfc,
    0x0, 0x0, 0x0, 0x7, 0xfe, 0x0, 0x0, 0x0,
    0x3, 0xff, 0x0, 0x0, 0x0, 0x1, 0xff, 0x80,
    0x0, 0x0, 0x0, 0xff, 0xc0, 0x0, 0x0, 0x0,
    0x7f, 0xc0, 0x0, 0x0, 0x0, 0x3f, 0xc0, 0x0,
    0x0, 0x0, 0x1f, 0xc0, 0x0, 0x0, 0x0, 0xf,
    0xc7, 0xff, 0xff, 0xf0, 0x3, 0xc7, 0xff, 0xff,
    0xfc, 0x0, 0x47, 0xff, 0xff, 0xff, 0x0, 0x7,
    0xff, 0xff, 0xff, 0xc0, 0x7, 0xff, 0xff, 0xff,
    0xf0, 0x1, 0xff, 0xff, 0xff, 0xf0, 0x0, 0x7f,
    0xff, 0xff, 0xf1, 0x80, 0x1f, 0xff, 0xff, 0xf1,
    0xe0, 0x7, 0xff, 0xff, 0xf1, 0xf8, 0x0, 0x0,
    0x0, 0x1, 0xfc, 0x0, 0x0, 0x0, 0x1, 0xfe,
    0x0, 0x0, 0x0, 0x1, 0xff, 0x0, 0x0, 0x0,
    0x1, 0xff, 0x80, 0x0, 0x0, 0x0, 0xff, 0xc0,
    0x0, 0x0, 0x0, 0x7f, 0xe0, 0x0, 0x0, 0x0,
    0x3f, 0xf0, 0x0, 0x0, 0x0, 0x1f, 0xf8, 0x0,
    0x0, 0x0, 0xf, 0xfc, 0x0, 0x0, 0x0, 0x7,
    0xfe, 0x0, 0x0, 0x0, 0x3, 0xff, 0x0, 0x0,
    0x0, 0x1, 0xff, 0x80, 0x0, 0x0, 0x0, 0xff,
    0xc0, 0x0, 0x0, 0x0, 0x7f, 0xe0, 0x0, 0x0,
    0x0, 0x3f, 0xf0, 0x0, 0x0, 0x0, 0x1f, 0xf8,
    0x0, 0x0, 0x0, 0xf, 0xfc, 0x0, 0x0, 0x0,
    0x7, 0xfe, 0x0, 0x0, 0x0, 0x1, 0xff, 0x0,
    0x1f, 0xff, 0xfc, 0x7f, 0x80, 0x1f, 0xff, 0xff,
    0x1f, 0xc0, 0x1f, 0xff, 0xff, 0xc7, 0xe0, 0x1f,
    0xff, 0xff, 0xf0, 0xf0, 0x1f, 0xff, 0xff, 0xfc,
    0x38, 0x3f, 0xff, 0xff, 0xff, 0x8, 0x3f, 0xff,
    0xff, 0xff, 0xe0, 0x1f, 0xff, 0xff, 0xff, 0xf0,
    0x7, 0xff, 0xff, 0xff, 0xf0, 0x0,

    /* U+0054 "T" */
    0x7f, 0xff, 0xff, 0xff, 0x7, 0xff, 0xff, 0xff,
    0xfc, 0x3f, 0xff, 0xff, 0xff, 0xe0, 0x7f, 0xff,
    0xff, 0xfe, 0x21, 0xff, 0xff, 0xff, 0xc3, 0x87,
    0xff, 0xff, 0xfc, 0x7c, 0x1f, 0xff, 0xff, 0xc7,
    0xe0, 0x7f, 0xff, 0xfc, 0x7f, 0x1, 0xff, 0xff,
    0xc7, 0xf8, 0x0, 0x0, 0x0, 0x7f, 0xc0, 0x0,
    0x0, 0x7, 0xfe, 0x0, 0x0, 0x0, 0x3f, 0xf0,
    0x0, 0x0, 0x1, 0xff, 0x80, 0x0, 0x0, 0xf,
    0xfc, 0x0, 0x0, 0x0, 0x7f, 0xe0, 0x0, 0x0,
    0x3, 0xff, 0x0, 0x0, 0x0, 0x1f, 0xf8, 0x0,
    0x0, 0x0, 0xff, 0xc0, 0x0, 0x0, 0x7, 0xfe,
    0x0, 0x0, 0x0, 0x3f, 0xf0, 0x0, 0x0, 0x1,
    0xff, 0x80, 0x0, 0x0, 0xf, 0xfc, 0x0, 0x0,
    0x0, 0x7f, 0xe0, 0x0, 0x0, 0x3, 0xff, 0x0,
    0x0, 0x0, 0xf, 0xf8, 0x0, 0x0, 0x0, 0x3f,
    0xc0, 0x0, 0x0, 0x0, 0xfe, 0x0, 0x0, 0x0,
    0x3, 0xf0, 0x0, 0x0, 0x0, 0xf, 0x0, 0x0,
    0x0, 0x0, 0x30, 0x0, 0x0, 0x0, 0x0, 0x0,
    0x0, 0x0, 0x0, 0x0, 0x0, 0x0, 0x0, 0x0,
    0x0, 0x0, 0x0, 0x0, 0x0, 0x0, 0x0, 0x0,
    0x0, 0x18, 0x0, 0x0, 0x0, 0x1, 0xe0, 0x0,
    0x0, 0x0, 0x1f, 0x80, 0x0, 0x0, 0x1, 0xfc,
    0x0, 0x0, 0x0, 0x1f, 0xe0, 0x0, 0x0, 0x1,
    0xff, 0x0, 0x0, 0x0, 0x1f, 0xf8, 0x0, 0x0,
    0x0, 0xff, 0xc0, 0x0, 0x0, 0x7, 0xfe, 0x0,
    0x0, 0x0, 0x3f, 0xf0, 0x0, 0x0, 0x1, 0xff,
    0x80, 0x0, 0x0, 0xf, 0xfc, 0x0, 0x0, 0x0,
    0x7f, 0xe0, 0x0, 0x0, 0x3, 0xff, 0x0, 0x0,
    0x0, 0x1f, 0xf8, 0x0, 0x0, 0x0, 0xff, 0xc0,
    0x0, 0x0, 0x7, 0xfe, 0x0, 0x0, 0x0, 0x3f,
    0xf0, 0x0, 0x0, 0x1, 0xff, 0x80, 0x0, 0x0,
    0xf, 0xfc, 0x0, 0x0, 0x0, 0x3f, 0xe0, 0x0,
    0x0, 0x0, 0xff, 0x0, 0x0, 0x0, 0x3, 0xf8,
    0x0, 0x0, 0x0, 0xf, 0xc0, 0x0, 0x0, 0x0,
    0x3e, 0x0, 0x0, 0x0, 0x0, 0xf0, 0x0, 0x0,
    0x0, 0x3, 0x0, 0x0, 0x0, 0x0, 0x0,

    /* U+0055 "U" */
    0x0, 0x0, 0x0, 0x0, 0x0, 0x30, 0x0, 0x0,
    0x0, 0x1, 0xbc, 0x0, 0x0, 0x0, 0x1, 0xff,
    0x0, 0x0, 0x0, 0x1, 0xff, 0xc0, 0x0, 0x0,
    0x1, 0xff, 0xf0, 0x0, 0x0, 0x1, 0xff, 0xfc,
    0x0, 0x0, 0x1, 0xff, 0xff, 0x0, 0x0, 0x1,
    0xff, 0xff, 0xc0, 0x0, 0x1, 0xff, 0xff, 0xe0,
    0x0, 0x0, 0xff, 0xff, 0xf0, 0x0, 0x0, 0x7f,
    0xff, 0xf8, 0x0, 0x0, 0x3f, 0xff, 0xfc, 0x0,
    0x0, 0x1f, 0xff, 0xfe, 0x0, 0x0, 0xf, 0xff,
    0xff, 0x0, 0x0, 0x7, 0xff, 0xff, 0x80, 0x0,
    0x3, 0xff, 0xff, 0xc0, 0x0, 0x1, 0xff, 0xff,
    0xe0, 0x0, 0x0, 0xff, 0xff, 0xf0, 0x0, 0x0,
    0x7f, 0xff, 0xf8, 0x0, 0x0, 0x3f, 0xff, 0xfc,
    0x0, 0x0, 0x1f, 0xff, 0xfe, 0x0, 0x0, 0xf,
    0xff, 0xfe, 0x0, 0x0, 0x3, 0xff, 0xfe, 0x0,
    0x0, 0x0, 0xff, 0xfe, 0x0, 0x0, 0x0, 0x3f,
    0xfe, 0x0, 0x0, 0x0, 0xf, 0xde, 0x0, 0x0,
    0x0, 0x3, 0xc6, 0x0, 0x0, 0x0, 0x0, 0xc0,
    0x0, 0x0, 0x0, 0x0, 0x0, 0x0, 0x0, 0x0,
    0x0, 0x0, 0x0, 0x0, 0x0, 0x0, 0x0, 0x0,
    0x0, 0x0, 0x0, 0x0, 0x30, 0x0, 0x0, 0x0,
    0x6, 0x3c, 0x0, 0x0, 0x0, 0x7, 0xbf, 0x0,
    0x0, 0x0, 0x7, 0xff, 0xc0, 0x0, 0x0, 0x7,
    0xff, 0xf0, 0x0, 0x0, 0x7, 0xff, 0xfc, 0x0,
    0x0, 0x7, 0xff, 0xff, 0x0, 0x0, 0x7, 0xff,
    0xff, 0x80, 0x0, 0x3, 0xff, 0xff, 0xc0, 0x0,
    0x1, 0xff, 0xff, 0xe0, 0x0, 0x0, 0xff, 0xff,
    0xf0, 0x0, 0x0, 0x7f, 0xff, 0xf8, 0x0, 0x0,
    0x3f, 0xff, 0xfc, 0x0, 0x0, 0x1f, 0xff, 0xfe,
    0x0, 0x0, 0xf, 0xff, 0xff, 0x0, 0x0, 0x7,
    0xff, 0xff, 0x80, 0x0, 0x3, 0xff, 0xff, 0xc0,
    0x0, 0x1, 0xff, 0xff, 0xe0, 0x0, 0x0, 0xff,
    0xff, 0xf0, 0x0, 0x0, 0x7f, 0xff, 0xf8, 0x0,
    0x0, 0x3f, 0xff, 0xf8, 0x0, 0x0, 0xf, 0xff,
    0xf8, 0xff, 0xff, 0xe3, 0xff, 0xf8, 0xff, 0xff,
    0xf8, 0xff, 0xf8, 0xff, 0xff, 0xfe, 0x3f, 0xf0,
    0xff, 0xff, 0xff, 0x8f, 0xf0, 0xff, 0xff, 0xff,
    0xe1, 0xd1, 0xff, 0xff, 0xff, 0xf8, 0x41, 0xff,
    0xff, 0xff, 0xff, 0x0, 0xff, 0xff, 0xff, 0xff,
    0x80, 0x3f, 0xff, 0xff, 0xff, 0x80,

    /* U+0056 "V" */
    0x0, 0x0, 0x0, 0x0, 0x1, 0x70, 0x0, 0x0,
    0x0, 0x1, 0xfc, 0x0, 0x0, 0x0, 0x1, 0xff,
    0x0, 0x0, 0x0, 0x1, 0xff, 0xc0, 0x0, 0x0,
    0x1, 0xff, 0xf0, 0x0, 0x0, 0x1, 0xff, 0xfc,
    0x0, 0x0, 0x1, 0xff, 0xff, 0x0, 0x0, 0x1,
    0xff, 0xff, 0xc0, 0x0, 0x1, 0xff, 0xff, 0xe0,
    0x0, 0x0, 0xff, 0xff, 0xf0, 0x0, 0x0, 0x7f,
    0xff, 0xf8, 0x0, 0x0, 0x3f, 0xff, 0xfc, 0x0,
    0x0, 0x1f, 0xff, 0xfe, 0x0, 0x0, 0xf, 0xff,
    0xff, 0x0, 0x0, 0x7, 0xff, 0xff, 0x80, 0x0,
    0x3, 0xff, 0xff, 0xc0, 0x0, 0x1, 0xff, 0xff,
    0xe0, 0x0, 0x0, 0xff, 0xff, 0xf0, 0x0, 0x0,
    0x7f, 0xff, 0xf8, 0x0, 0x0, 0x3f, 0xff, 0xfc,
    0x0, 0x0, 0x1f, 0xff, 0xfe, 0x0, 0x0, 0xf,
    0xff, 0xfe, 0x0, 0x0, 0x3, 0xff, 0xfe, 0x0,
    0x0, 0x0, 0xff, 0xfe, 0x0, 0x0, 0x0, 0x3f,
    0xfe, 0x3f, 0xff, 0xff, 0x8f, 0xde, 0x3f, 0xff,
    0xff, 0xe3, 0x80, 0x3f, 0xff, 0xff, 0xf8, 0x80,
    0x3f, 0xff, 0xff, 0xfe, 0x0, 0x3f, 0xff, 0xff,
    0xff, 0x80, 0xf, 0xff, 0xff, 0xff, 0x80, 0x3,
    0xff, 0xff, 0xff, 0x80, 0x0, 0xff, 0xff, 0xff,
    0x80, 0x0, 0x3f, 0xff, 0xff, 0x80, 0x0, 0x0,
    0x0, 0x0, 0x0, 0x0, 0x0, 0x0, 0x0, 0x0,
    0x0, 0x0, 0x0, 0x0, 0x0, 0x0, 0x0, 0x0,
    0x0, 0x0, 0x0, 0x0, 0x0, 0x0, 0x0, 0x0,
    0x0, 0x0, 0x0, 0x0, 0x0, 0x0, 0x0, 0x0,
    0x0, 0x0, 0x0, 0x0, 0x0, 0x0, 0x0, 0x0,
    0x0, 0x0, 0x0, 0x0, 0x0, 0x0, 0x0, 0x0,
    0x0, 0x0, 0x0, 0x0, 0x0, 0x0, 0x0, 0x0,
    0x0, 0x0, 0x0, 0x0, 0x0, 0x0, 0x0, 0x0,
    0x0, 0x0, 0x0, 0x0, 0x0, 0x0, 0x0, 0x0,
    0x0, 0x0, 0x0, 0x0, 0x0, 0x0, 0x0, 0x0,
    0x0, 0x0, 0x0, 0x0, 0x0, 0x0, 0x0, 0x0,
    0x0, 0x0, 0x0, 0x0, 0x0, 0x0, 0x0, 0x0,
    0x0, 0xff, 0xff, 0xe0, 0x0, 0x0, 0xff, 0xff,
    0xf8, 0x0, 0x0, 0xff, 0xff, 0xfe, 0x0, 0x0,
    0xff, 0xff, 0xff, 0x80, 0x0, 0xff, 0xff, 0xff,
    0xe0, 0x1, 0xff, 0xff, 0xff, 0xf8, 0x1, 0xff,
    0xff, 0xff, 0xff, 0x0, 0xff, 0xff, 0xff, 0xff,
    0x80, 0x3f, 0xff, 0xff, 0xff, 0x80,

    /* U+0057 "W" */
    0x0, 0x0, 0x0, 0x0, 0x1, 0x70, 0x0, 0x0,
    0x0, 0x1, 0xfc, 0x0, 0x0, 0x0, 0x1, 0xff,
    0x0, 0x0, 0x0, 0x1, 0xff, 0xc0, 0x0, 0x0,
    0x1, 0xff, 0xf0, 0x0, 0x0, 0x1, 0xff, 0xfc,
    0x0, 0x0, 0x1, 0xff, 0xff, 0x0, 0x0, 0x1,
    0xff, 0xff, 0xc0, 0x0, 0x1, 0xff, 0xff, 0xe0,
    0x0, 0x0, 0xff, 0xff, 0xf0, 0x0, 0x0, 0x7f,
    0xff, 0xf8, 0x0, 0x0, 0x3f, 0xff, 0xfc, 0x0,
    0x0, 0x1f, 0xff, 0xfe, 0x0, 0x0, 0xf, 0xff,
    0xff, 0x0, 0x0, 0x7, 0xff, 0xff, 0x80, 0x0,
    0x3, 0xff, 0xff, 0xc0, 0x0, 0x1, 0xff, 0xff,
    0xe0, 0x0, 0x0, 0xff, 0xff, 0xf0, 0x0, 0x0,
    0x7f, 0xff, 0xf8, 0x0, 0x0, 0x3f, 0xff, 0xfc,
    0x0, 0x0, 0x1f, 0xff, 0xfe, 0x0, 0x0, 0xf,
    0xff, 0xfe, 0x0, 0x0, 0x3, 0xff, 0xfe, 0x0,
    0x0, 0x0, 0xff, 0xfe, 0x0, 0x0, 0x0, 0x3f,
    0xfe, 0x3f, 0xff, 0xff, 0x8f, 0xde, 0x3f, 0xff,
    0xff, 0xe3, 0x80, 0x3f, 0xff, 0xff, 0xf8, 0x80,
    0x3f, 0xff, 0xff, 0xfe, 0x0, 0x3f, 0xff, 0xff,
    0xff, 0x80, 0xf, 0xff, 0xff, 0xff, 0x80, 0x23,
    0xff, 0xff, 0xff, 0x8c, 0x78, 0xff, 0xff, 0xff,
    0x8f, 0x7e, 0x3f, 0xff, 0xff, 0x8f, 0xff, 0x80,
    0x0, 0x0, 0xf, 0xff, 0xe0, 0x0, 0x0, 0xf,
    0xff, 0xf8, 0x0, 0x0, 0xf, 0xff, 0xfe, 0x0,
    0x0, 0xf, 0xff, 0xff, 0x0, 0x0, 0x7, 0xff,
    0xff, 0x80, 0x0, 0x3, 0xff, 0xff, 0xc0, 0x0,
    0x1, 0xff, 0xff, 0xe0, 0x0, 0x0, 0xff, 0xff,
    0xf0, 0x0, 0x0, 0x7f, 0xff, 0xf8, 0x0, 0x0,
    0x3f, 0xff, 0xfc, 0x0, 0x0, 0x1f, 0xff, 0xfe,
    0x0, 0x0, 0xf, 0xff, 0xff, 0x0, 0x0, 0x7,
    0xff, 0xff, 0x80, 0x0, 0x3, 0xff, 0xff, 0xc0,
    0x0, 0x1, 0xff, 0xff, 0xe0, 0x0, 0x0, 0xff,
    0xff, 0xf0, 0x0, 0x0, 0x7f, 0xff, 0xf8, 0x0,
    0x0, 0x3f, 0xff, 0xf8, 0x0, 0x0, 0xf, 0xff,
    0xf8, 0xff, 0xff, 0xe3, 0xff, 0xf8, 0xff, 0xff,
    0xf8, 0xff, 0xf8, 0xff, 0xff, 0xfe, 0x3f, 0xf0,
    0xff, 0xff, 0xff, 0x87, 0xf0, 0xff, 0xff, 0xff,
    0xe1, 0xd1, 0xff, 0xff, 0xff, 0xf8, 0x41, 0xff,
    0xff, 0xff, 0xff, 0x0, 0xff, 0xff, 0xff, 0xff,
    0x80, 0x3f, 0xff, 0xff, 0xff, 0x80,

    /* U+0058 "X" */
    0x3f, 0xff, 0xff, 0xff, 0xbf, 0xff, 0xff, 0xff,
    0xf7, 0xff, 0xff, 0xff, 0xf8, 0xff, 0xff, 0xff,
    0xfc, 0x1f, 0xff, 0xff, 0xfe, 0x3, 0xff, 0xff,
    0xff, 0x0, 0x3f, 0xff, 0xff, 0x80, 0x7, 0xff,
    0xff, 0xc0, 0x0, 0xff, 0xff, 0xe0, 0x0, 0x0,
    0x0, 0x0, 0x0, 0x0, 0x0, 0x0, 0x0, 0x0,
    0x0, 0x0, 0x0, 0x0, 0x0, 0x0, 0x0, 0x0,
    0x0, 0x0, 0x0, 0x0, 0x0, 0x0, 0x0, 0x0,
    0x0, 0x0, 0x0, 0x0, 0x0, 0x0, 0x0, 0x0,
    0x0, 0x0, 0x0, 0x0, 0x0, 0x0, 0x0, 0x0,
    0x0, 0x0, 0x0, 0x0, 0x0, 0x0, 0x0, 0x0,
    0x0, 0x0, 0x0, 0x0, 0x0, 0x0, 0x0, 0x0,
    0x0, 0x0, 0x0, 0x0, 0x0, 0x0, 0x0, 0x0,
    0x0, 0x0, 0x0, 0x0, 0x0, 0x0, 0x0, 0x0,
    0x0, 0x0, 0x0, 0x0, 0x0, 0x0, 0x0, 0x3,
    0xff, 0xff, 0xf8, 0x1, 0xff, 0xff, 0xff, 0x0,
    0xff, 0xff, 0xff, 0xe0, 0x7f, 0xff, 0xff, 0xfc,
    0x3f, 0xff, 0xff, 0xff, 0x87, 0xff, 0xff, 0xff,
    0xc0, 0xff, 0xff, 0xff, 0xe0, 0x1f, 0xff, 0xff,
    0xf0, 0x3, 0xff, 0xff, 0xf8, 0x0, 0x0, 0x0,
    0x0, 0x0, 0x0, 0x0, 0x0, 0x0, 0x0, 0x0,
    0x0, 0x0, 0x0, 0x0, 0x0, 0x0, 0x0, 0x0,
    0x0, 0x0, 0x0, 0x0, 0x0, 0x0, 0x0, 0x0,
    0x0, 0x0, 0x0, 0x0, 0x0, 0x0, 0x0, 0x0,
    0x0, 0x0, 0x0, 0x0, 0x0, 0x0, 0x0, 0x0,
    0x0, 0x0, 0x0, 0x0, 0x0, 0x0, 0x0, 0x0,
    0x0, 0x0, 0x0, 0x0, 0x0, 0x0, 0x0, 0x0,
    0x0, 0x0, 0x0, 0x0, 0x0, 0x0, 0x0, 0x0,
    0x0, 0x0, 0x0, 0x0, 0x0, 0x0, 0x0, 0x0,
    0x0, 0x0, 0x0, 0x0, 0x0, 0x0, 0x0, 0xff,
    0xff, 0xe0, 0x0, 0x7f, 0xff, 0xfc, 0x0, 0x3f,
    0xff, 0xff, 0x80, 0x3f, 0xff, 0xff, 0xf0, 0x1f,
    0xff, 0xff, 0xfe, 0xf, 0xff, 0xff, 0xff, 0xc7,
    0xff, 0xff, 0xff, 0xfb, 0xff, 0xff, 0xff, 0xff,
    0x7f, 0xff, 0xff, 0xff, 0x80,

    /* U+0059 "Y" */
    0x0, 0x0, 0x0, 0x0, 0x1, 0x70, 0x0, 0x0,
    0x0, 0x1, 0xfc, 0x0, 0x0, 0x0, 0x1, 0xff,
    0x0, 0x0, 0x0, 0x1, 0xff, 0xc0, 0x0, 0x0,
    0x1, 0xff, 0xf0, 0x0, 0x0, 0x1, 0xff, 0xfc,
    0x0, 0x0, 0x1, 0xff, 0xff, 0x0, 0x0, 0x1,
    0xff, 0xff, 0xc0, 0x0, 0x1, 0xff, 0xff, 0xe0,
    0x0, 0x0, 0xff, 0xff, 0xf0, 0x0, 0x0, 0x7f,
    0xff, 0xf8, 0x0, 0x0, 0x3f, 0xff, 0xfc, 0x0,
    0x0, 0x1f, 0xff, 0xfe, 0x0, 0x0, 0xf, 0xff,
    0xff, 0x0, 0x0, 0x7, 0xff, 0xff, 0x80, 0x0,
    0x3, 0xff, 0xff, 0xc0, 0x0, 0x1, 0xff, 0xff,
    0xe0, 0x0, 0x0, 0xff, 0xff, 0xf0, 0x0, 0x0,
    0x7f, 0xff, 0xf8, 0x0, 0x0, 0x3f, 0xff, 0xfc,
    0x0, 0x0, 0x1f, 0xff, 0xfe, 0x0, 0x0, 0xf,
    0xff, 0xfe, 0x0, 0x0, 0x3, 0xff, 0xfe, 0x0,
    0x0, 0x0, 0xff, 0xfe, 0x0, 0x0, 0x0, 0x3f,
    0xfe, 0x3f, 0xff, 0xff, 0x8f, 0xde, 0x3f, 0xff,
    0xff, 0xe3, 0x80, 0x3f, 0xff, 0xff, 0xf8, 0x80,
    0x3f, 0xff, 0xff, 0xfe, 0x0, 0x3f, 0xff, 0xff,
    0xff, 0x80, 0xf, 0xff, 0xff, 0xff, 0x80, 0x3,
    0xff, 0xff, 0xff, 0x8c, 0x0, 0xff, 0xff, 0xff,
    0x8f, 0x0, 0x3f, 0xff, 0xff, 0x8f, 0xc0, 0x0,
    0x0, 0x0, 0xf, 0xe0, 0x0, 0x0, 0x0, 0xf,
    0xf0, 0x0, 0x0, 0x0, 0xf, 0xf8, 0x0, 0x0,
    0x0, 0xf, 0xfc, 0x0, 0x0, 0x0, 0x7, 0xfe,
    0x0, 0x0, 0x0, 0x3, 0xff, 0x0, 0x0, 0x0,
    0x1, 0xff, 0x80, 0x0, 0x0, 0x0, 0xff, 0xc0,
    0x0, 0x0, 0x0, 0x7f, 0xe0, 0x0, 0x0, 0x0,
    0x3f, 0xf0, 0x0, 0x0, 0x0, 0x1f, 0xf8, 0x0,
    0x0, 0x0, 0xf, 0xfc, 0x0, 0x0, 0x0, 0x7,
    0xfe, 0x0, 0x0, 0x0, 0x3, 0xff, 0x0, 0x0,
    0x0, 0x1, 0xff, 0x80, 0x0, 0x0, 0x0, 0xff,
    0xc0, 0x0, 0x0, 0x0, 0x7f, 0xe0, 0x0, 0x0,
    0x0, 0x3f, 0xf0, 0x0, 0x0, 0x0, 0xf, 0xf8,
    0x0, 0xff, 0xff, 0xe3, 0xfc, 0x0, 0xff, 0xff,
    0xf8, 0xfe, 0x0, 0xff, 0xff, 0xfe, 0x3f, 0x0,
    0xff, 0xff, 0xff, 0x87, 0x80, 0xff, 0xff, 0xff,
    0xe1, 0xc1, 0xff, 0xff, 0xff, 0xf8, 0x41, 0xff,
    0xff, 0xff, 0xff, 0x0, 0xff, 0xff, 0xff, 0xff,
    0x80, 0x3f, 0xff, 0xff, 0xff, 0x80,

    /* U+005A "Z" */
    0x7, 0xff, 0xff, 0xff, 0xf0, 0x7, 0xff, 0xff,
    0xff, 0xfc, 0x3, 0xff, 0xff, 0xff, 0xfe, 0x0,
    0xff, 0xff, 0xff, 0xfe, 0x20, 0x1f, 0xff, 0xff,
    0xfc, 0x38, 0x7, 0xff, 0xff, 0xfc, 0x7c, 0x1,
    0xff, 0xff, 0xfc, 0x7e, 0x0, 0x7f, 0xff, 0xfc,
    0x7f, 0x0, 0x1f, 0xff, 0xfc, 0x7f, 0x80, 0x0,
    0x0, 0x0, 0x7f, 0xc0, 0x0, 0x0, 0x0, 0x7f,
    0xe0, 0x0, 0x0, 0x0, 0x3f, 0xf0, 0x0, 0x0,
    0x0, 0x1f, 0xf8, 0x0, 0x0, 0x0, 0xf, 0xfc,
    0x0, 0x0, 0x0, 0x7, 0xfe, 0x0, 0x0, 0x0,
    0x3, 0xff, 0x0, 0x0, 0x0, 0x1, 0xff, 0x80,
    0x0, 0x0, 0x0, 0xff, 0xc0, 0x0, 0x0, 0x0,
    0x7f, 0xe0, 0x0, 0x0, 0x0, 0x3f, 0xf0, 0x0,
    0x0, 0x0, 0x1f, 0xf8, 0x0, 0x0, 0x0, 0xf,
    0xfc, 0x0, 0x0, 0x0, 0x7, 0xfe, 0x0, 0x0,
    0x0, 0x3, 0xff, 0x0, 0x0, 0x0, 0x1, 0xff,
    0x80, 0x0, 0x0, 0x0, 0x7f, 0xc0, 0x0, 0x0,
    0x0, 0x1f, 0xe0, 0x0, 0x0, 0x0, 0x7, 0xf0,
    0x7, 0xff, 0xff, 0xf1, 0xf8, 0x7, 0xff, 0xff,
    0xfc, 0x70, 0x7, 0xff, 0xff, 0xff, 0x10, 0x7,
    0xff, 0xff, 0xff, 0xc0, 0x7, 0xff, 0xff, 0xff,
    0xf0, 0x1, 0xff, 0xff, 0xff, 0xf0, 0x4, 0x7f,
    0xff, 0xff, 0xf0, 0xf, 0x1f, 0xff, 0xff, 0xf0,
    0xf, 0xc7, 0xff, 0xff, 0xf0, 0x7, 0xf0, 0x0,
    0x0, 0x0, 0x3, 0xfc, 0x0, 0x0, 0x0, 0x1,
    0xff, 0x0, 0x0, 0x0, 0x0, 0xff, 0xc0, 0x0,
    0x0, 0x0, 0x7f, 0xe0, 0x0, 0x0, 0x0, 0x3f,
    0xf0, 0x0, 0x0, 0x0, 0x1f, 0xf8, 0x0, 0x0,
    0x0, 0xf, 0xfc, 0x0, 0x0, 0x0, 0x7, 0xfe,
    0x0, 0x0, 0x0, 0x3, 0xff, 0x0, 0x0, 0x0,
    0x1, 0xff, 0x80, 0x0, 0x0, 0x0, 0xff, 0xc0,
    0x0, 0x0, 0x0, 0x7f, 0xe0, 0x0, 0x0, 0x0,
    0x3f, 0xf0, 0x0, 0x0, 0x0, 0x1f, 0xf8, 0x0,
    0x0, 0x0, 0xf, 0xfc, 0x0, 0x0, 0x0, 0x7,
    0xfe, 0x0, 0x0, 0x0, 0x3, 0xff, 0x0, 0x0,
    0x0, 0x1, 0xff, 0x0, 0x0, 0x0, 0x0, 0xff,
    0x1f, 0xff, 0xfc, 0x0, 0x7f, 0x1f, 0xff, 0xff,
    0x0, 0x3f, 0x1f, 0xff, 0xff, 0xc0, 0x1e, 0x1f,
    0xff, 0xff, 0xf0, 0xe, 0x1f, 0xff, 0xff, 0xfc,
    0x2, 0x3f, 0xff, 0xff, 0xff, 0x0, 0x3f, 0xff,
    0xff, 0xff, 0xe0, 0x1f, 0xff, 0xff, 0xff, 0xf0,
    0x7, 0xff, 0xff, 0xff, 0xf0, 0x0,

    /* U+005B "[" */
    0x7, 0xff, 0xff, 0xff, 0xf0, 0xf, 0xff, 0xff,
    0xff, 0xfc, 0x3, 0xff, 0xff, 0xff, 0xfe, 0x8,
    0xff, 0xff, 0xff, 0xfe, 0x2e, 0x3f, 0xff, 0xff,
    0xfc, 0x3f, 0xc7, 0xff, 0xff, 0xfc, 0x7f, 0xf1,
    0xff, 0xff, 0xfc, 0x7f, 0xfc, 0x7f, 0xff, 0xfc,
    0x7f, 0xff, 0x1f, 0xff, 0xfc, 0x7f, 0xff, 0xc0,
    0x0, 0x0, 0x7f, 0xff, 0xf0, 0x0, 0x0, 0x7f,
    0xff, 0xf8, 0x0, 0x0, 0x3f, 0xff, 0xfc, 0x0,
    0x0, 0x1f, 0xff, 0xfe, 0x0, 0x0, 0xf, 0xff,
    0xff, 0x0, 0x0, 0x7, 0xfe, 0x0, 0x0, 0x0,
    0x3, 0xff, 0x0, 0x0, 0x0, 0x1, 0xff, 0x80,
    0x0, 0x0, 0x0, 0xff, 0xc0, 0x0, 0x0, 0x0,
    0x7f, 0xe0, 0x0, 0x0, 0x0, 0x3f, 0xf0, 0x0,
    0x0, 0x0, 0x1f, 0xf8, 0x0, 0x0, 0x0, 0xf,
    0xfc, 0x0, 0x0, 0x0, 0x7, 0xfe, 0x0, 0x0,
    0x0, 0x3, 0xff, 0x0, 0x0, 0x0, 0x1, 0xff,
    0x80, 0x0, 0x0, 0x0, 0x7f, 0xc0, 0x0, 0x0,
    0x0, 0x1f, 0xe0, 0x0, 0x0, 0x0, 0x7, 0xf0,
    0x7, 0xff, 0xff, 0xf1, 0xf8, 0x7, 0xff, 0xff,
    0xfc, 0x70, 0x7, 0xff, 0xff, 0xff, 0x10, 0x7,
    0xff, 0xff, 0xff, 0xc0, 0x7, 0xff, 0xff, 0xff,
    0xf0, 0x1, 0xff, 0xff, 0xff, 0xf0, 0x0, 0x7f,
    0xff, 0xff, 0xf0, 0x0, 0x1f, 0xff, 0xff, 0xf0,
    0x0, 0x7, 0xff, 0xff, 0xf0, 0x0, 0x0, 0x0,
    0x0, 0x0, 0x0, 0x0, 0x0, 0x0, 0x0, 0x0,
    0x0, 0x0, 0x0, 0x0, 0x0, 0x0, 0x0, 0x0,
    0x0, 0x0, 0x0, 0x0, 0x0, 0x0, 0x0, 0x0,
    0x0, 0x0, 0x0, 0x0, 0x0, 0x0, 0x0, 0x0,
    0x0, 0x0, 0x0, 0x0, 0x0, 0x0, 0x0, 0x0,
    0x0, 0x0, 0x0, 0x0, 0x0, 0x0, 0x0, 0x0,
    0x0, 0x0, 0x0, 0x0, 0x0, 0x0, 0x0, 0x0,
    0x0, 0x0, 0x0, 0x0, 0x0, 0x0, 0x0, 0x0,
    0x0, 0x0, 0x0, 0x0, 0x0, 0x0, 0x0, 0x0,
    0x0, 0x0, 0x0, 0x0, 0x0, 0x0, 0x0, 0x0,
    0x0, 0x0, 0x0, 0x0, 0x0, 0x0, 0x0, 0x0,
    0x0, 0x0, 0x0, 0x0, 0x0, 0x0, 0x0, 0x0,
    0x1f, 0xff, 0xfc, 0x0, 0x0, 0x1f, 0xff, 0xff,
    0x0, 0x0, 0x1f, 0xff, 0xff, 0xc0, 0x0, 0x1f,
    0xff, 0xff, 0xf0, 0x0, 0x3f, 0xff, 0xff, 0xfc,
    0x0, 0x3f, 0xff, 0xff, 0xff, 0x0, 0x3f, 0xff,
    0xff, 0xff, 0xe0, 0x3f, 0xff, 0xff, 0xff, 0xf0,
    0xf, 0xff, 0xff, 0xff, 0xf0, 0x0,

    /* U+005C "\\" */
    0x7, 0xff, 0xff, 0xff, 0xf0, 0xf, 0xff, 0xff,
    0xff, 0xfc, 0x3, 0xff, 0xff, 0xff, 0xfe, 0x8,
    0xff, 0xff, 0xff, 0xfe, 0x2e, 0x3f, 0xff, 0xff,
    0xfc, 0x3f, 0xc7, 0xff, 0xff, 0xfc, 0x7f, 0xf1,
    0xff, 0xff, 0xfc, 0x7f, 0xfc, 0x7f, 0xff, 0xfc,
    0x7f, 0xff, 0x1f, 0xff, 0xfc, 0x7f, 0xff, 0xc0,
    0x0, 0x0, 0x7f, 0xff, 0xf0, 0x0, 0x0, 0x7f,
    0xff, 0xf8, 0x0, 0x0, 0x3f, 0xff, 0xfc, 0x0,
    0x0, 0x1f, 0xff, 0xfe, 0x0, 0x0, 0xf, 0xff,
    0xff, 0x0, 0x0, 0x7, 0xfe, 0x0, 0x0, 0x0,
    0x3, 0xff, 0x0, 0x0, 0x0, 0x1, 0xff, 0x80,
    0x0, 0x0, 0x0, 0xff, 0xc0, 0x0, 0x0, 0x0,
    0x7f, 0xe0, 0x0, 0x0, 0x0, 0x3f, 0xf0, 0x0,
    0x0, 0x0, 0x1f, 0xf8, 0x0, 0x0, 0x0, 0xf,
    0xfc, 0x0, 0x0, 0x0, 0x7, 0xfe, 0x0, 0x0,
    0x0, 0x3, 0xff, 0x0, 0x0, 0x0, 0x1, 0xff,
    0x80, 0x0, 0x0, 0x0, 0x7f, 0xc0, 0x0, 0x0,
    0x0, 0x1f, 0xe0, 0x0, 0x0, 0x0, 0x7, 0xf0,
    0x7, 0xff, 0xff, 0xf1, 0xf8, 0x7, 0xff, 0xff,
    0xfc, 0x70, 0x7, 0xff, 0xff, 0xff, 0x10, 0x7,
    0xff, 0xff, 0xff, 0xc0, 0x7, 0xff, 0xff, 0xff,
    0xf0, 0x1, 0xff, 0xff, 0xff, 0xf0, 0x0, 0x7f,
    0xff, 0xff, 0xf0, 0x0, 0x1f, 0xff, 0xff, 0xf0,
    0x0, 0x7, 0xff, 0xff, 0xf0, 0x0, 0x0, 0x0,
    0x0, 0x0, 0x0, 0x0, 0x0, 0x0, 0x0, 0x0,
    0x0, 0x0, 0x0, 0x0, 0x0, 0x0, 0x0, 0x0,
    0x0, 0x0, 0x0, 0x0, 0x0, 0x0, 0x0, 0x0,
    0x0, 0x0, 0x0, 0x0, 0x0, 0x0, 0x0, 0x0,
    0x0, 0x0, 0x0, 0x0, 0x0, 0x0, 0x0, 0x0,
    0x0, 0x0, 0x0, 0x0, 0x0, 0x0, 0x0, 0x0,
    0x0, 0x0, 0x0, 0x0, 0x0, 0x0, 0x0, 0x0,
    0x0, 0x0, 0x0, 0x0, 0x0, 0x0, 0x0, 0x0,
    0x0, 0x0, 0x0, 0x0, 0x0, 0x0, 0x0, 0x0,
    0x0, 0x0, 0x0, 0x0, 0x0, 0x0, 0x0, 0x0,
    0x0, 0x0, 0x0, 0x0, 0x0, 0x0, 0x0, 0x0,
    0x0, 0x0, 0x0, 0x0, 0x0, 0x0, 0x0, 0x0,
    0x1f, 0xff, 0xfc, 0x0, 0x0, 0x1f, 0xff, 0xff,
    0x0, 0x0, 0x1f, 0xff, 0xff, 0xc0, 0x0, 0x1f,
    0xff, 0xff, 0xf0, 0x0, 0x3f, 0xff, 0xff, 0xfc,
    0x0, 0x3f, 0xff, 0xff, 0xff, 0x0, 0x3f, 0xff,
    0xff, 0xff, 0xe0, 0x3f, 0xff, 0xff, 0xff, 0xf0,
    0xf, 0xff, 0xff, 0xff, 0xf0, 0x0,

    /* U+005D "]" */
    0x7, 0xff, 0xff, 0xff, 0xf0, 0xf, 0xff, 0xff,
    0xff, 0xfc, 0x3, 0xff, 0xff, 0xff, 0xfe, 0x8,
    0xff, 0xff, 0xff, 0xfe, 0x2e, 0x3f, 0xff, 0xff,
    0xfc, 0x3f, 0xc7, 0xff, 0xff, 0xfc, 0x7f, 0xf1,
    0xff, 0xff, 0xfc, 0x7f, 0xfc, 0x7f, 0xff, 0xfc,
    0x7f, 0xff, 0x1f, 0xff, 0xfc, 0x7f, 0xff, 0xc0,
    0x0, 0x0, 0x7f, 0xff, 0xf0, 0x0, 0x0, 0x7f,
    0xff, 0xf8, 0x0, 0x0, 0x3f, 0xff, 0xfc, 0x0,
    0x0, 0x1f, 0xff, 0xfe, 0x0, 0x0, 0xf, 0xff,
    0xff, 0x0, 0x0, 0x7, 0xfe, 0x0, 0x0, 0x0,
    0x3, 0xff, 0x0, 0x0, 0x0, 0x1, 0xff, 0x80,
    0x0, 0x0, 0x0, 0xff, 0xc0, 0x0, 0x0, 0x0,
    0x7f, 0xe0, 0x0, 0x0, 0x0, 0x3f, 0xf0, 0x0,
    0x0, 0x0, 0x1f, 0xf8, 0x0, 0x0, 0x0, 0xf,
    0xfc, 0x0, 0x0, 0x0, 0x7, 0xfe, 0x0, 0x0,
    0x0, 0x3, 0xff, 0x0, 0x0, 0x0, 0x1, 0xff,
    0x80, 0x0, 0x0, 0x0, 0x7f, 0xc0, 0x0, 0x0,
    0x0, 0x1f, 0xe0, 0x0, 0x0, 0x0, 0x7, 0xf0,
    0x7, 0xff, 0xff, 0xf1, 0xf8, 0x7, 0xff, 0xff,
    0xfc, 0x70, 0x7, 0xff, 0xff, 0xff, 0x10, 0x7,
    0xff, 0xff, 0xff, 0xc0, 0x7, 0xff, 0xff, 0xff,
    0xf0, 0x1, 0xff, 0xff, 0xff, 0xf0, 0x0, 0x7f,
    0xff, 0xff, 0xf0, 0x0, 0x1f, 0xff, 0xff, 0xf0,
    0x0, 0x7, 0xff, 0xff, 0xf0, 0x0, 0x0, 0x0,
    0x0, 0x0, 0x0, 0x0, 0x0, 0x0, 0x0, 0x0,
    0x0, 0x0, 0x0, 0x0, 0x0, 0x0, 0x0, 0x0,
    0x0, 0x0, 0x0, 0x0, 0x0, 0x0, 0x0, 0x0,
    0x0, 0x0, 0x0, 0x0, 0x0, 0x0, 0x0, 0x0,
    0x0, 0x0, 0x0, 0x0, 0x0, 0x0, 0x0, 0x0,
    0x0, 0x0, 0x0, 0x0, 0x0, 0x0, 0x0, 0x0,
    0x0, 0x0, 0x0, 0x0, 0x0, 0x0, 0x0, 0x0,
    0x0, 0x0, 0x0, 0x0, 0x0, 0x0, 0x0, 0x0,
    0x0, 0x0, 0x0, 0x0, 0x0, 0x0, 0x0, 0x0,
    0x0, 0x0, 0x0, 0x0, 0x0, 0x0, 0x0, 0x0,
    0x0, 0x0, 0x0, 0x0, 0x0, 0x0, 0x0, 0x0,
    0x0, 0x0, 0x0, 0x0, 0x0, 0x0, 0x0, 0x0,
    0x1f, 0xff, 0xfc, 0x0, 0x0, 0x1f, 0xff, 0xff,
    0x0, 0x0, 0x1f, 0xff, 0xff, 0xc0, 0x0, 0x1f,
    0xff, 0xff, 0xf0, 0x0, 0x3f, 0xff, 0xff, 0xfc,
    0x0, 0x3f, 0xff, 0xff, 0xff, 0x0, 0x3f, 0xff,
    0xff, 0xff, 0xe0, 0x3f, 0xff, 0xff, 0xff, 0xf0,
    0xf, 0xff, 0xff, 0xff, 0xf0, 0x0,

    /* U+005E "^" */
    0x7, 0xff, 0xff, 0xff, 0xf0, 0xf, 0xff, 0xff,
    0xff, 0xfc, 0x3, 0xff, 0xff, 0xff, 0xfe, 0x8,
    0xff, 0xff, 0xff, 0xfe, 0x2e, 0x3f, 0xff, 0xff,
    0xfc, 0x3f, 0xc7, 0xff, 0xff, 0xfc, 0x7f, 0xf1,
    0xff, 0xff, 0xfc, 0x7f, 0xfc, 0x7f, 0xff, 0xfc,
    0x7f, 0xff, 0x1f, 0xff, 0xfc, 0x7f, 0xff, 0xc0,
    0x0, 0x0, 0x7f, 0xff, 0xf0, 0x0, 0x0, 0x7f,
    0xff, 0xf8, 0x0, 0x0, 0x3f, 0xff, 0xfc, 0x0,
    0x0, 0x1f, 0xff, 0xfe, 0x0, 0x0, 0xf, 0xff,
    0xff, 0x0, 0x0, 0x7, 0xfe, 0x0, 0x0, 0x0,
    0x3, 0xff, 0x0, 0x0, 0x0, 0x1, 0xff, 0x80,
    0x0, 0x0, 0x0, 0xff, 0xc0, 0x0, 0x0, 0x0,
    0x7f, 0xe0, 0x0, 0x0, 0x0, 0x3f, 0xf0, 0x0,
    0x0, 0x0, 0x1f, 0xf8, 0x0, 0x0, 0x0, 0xf,
    0xfc, 0x0, 0x0, 0x0, 0x7, 0xfe, 0x0, 0x0,
    0x0, 0x3, 0xff, 0x0, 0x0, 0x0, 0x1, 0xff,
    0x80, 0x0, 0x0, 0x0, 0x7f, 0xc0, 0x0, 0x0,
    0x0, 0x1f, 0xe0, 0x0, 0x0, 0x0, 0x7, 0xf0,
    0x7, 0xff, 0xff, 0xf1, 0xf8, 0x7, 0xff, 0xff,
    0xfc, 0x70, 0x7, 0xff, 0xff, 0xff, 0x10, 0x7,
    0xff, 0xff, 0xff, 0xc0, 0x7, 0xff, 0xff, 0xff,
    0xf0, 0x1, 0xff, 0xff, 0xff, 0xf0, 0x0, 0x7f,
    0xff, 0xff, 0xf0, 0x0, 0x1f, 0xff, 0xff, 0xf0,
    0x0, 0x7, 0xff, 0xff, 0xf0, 0x0, 0x0, 0x0,
    0x0, 0x0, 0x0, 0x0, 0x0, 0x0, 0x0, 0x0,
    0x0, 0x0, 0x0, 0x0, 0x0, 0x0, 0x0, 0x0,
    0x0, 0x0, 0x0, 0x0, 0x0, 0x0, 0x0, 0x0,
    0x0, 0x0, 0x0, 0x0, 0x0, 0x0, 0x0, 0x0,
    0x0, 0x0, 0x0, 0x0, 0x0, 0x0, 0x0, 0x0,
    0x0, 0x0, 0x0, 0x0, 0x0, 0x0, 0x0, 0x0,
    0x0, 0x0, 0x0, 0x0, 0x0, 0x0, 0x0, 0x0,
    0x0, 0x0, 0x0, 0x0, 0x0, 0x0, 0x0, 0x0,
    0x0, 0x0, 0x0, 0x0, 0x0, 0x0, 0x0, 0x0,
    0x0, 0x0, 0x0, 0x0, 0x0, 0x0, 0x0, 0x0,
    0x0, 0x0, 0x0, 0x0, 0x0, 0x0, 0x0, 0x0,
    0x0, 0x0, 0x0, 0x0, 0x0, 0x0, 0x0, 0x0,
    0x1f, 0xff, 0xfc, 0x0, 0x0, 0x1f, 0xff, 0xff,
    0x0, 0x0, 0x1f, 0xff, 0xff, 0xc0, 0x0, 0x1f,
    0xff, 0xff, 0xf0, 0x0, 0x3f, 0xff, 0xff, 0xfc,
    0x0, 0x3f, 0xff, 0xff, 0xff, 0x0, 0x3f, 0xff,
    0xff, 0xff, 0xe0, 0x3f, 0xff, 0xff, 0xff, 0xf0,
    0xf, 0xff, 0xff, 0xff, 0xf0, 0x0,

    /* U+005F "_" */
    0x0, 0xff, 0xff, 0xe0, 0x0, 0x7f, 0xff, 0xfc,
    0x0, 0x3f, 0xff, 0xff, 0x80, 0x3f, 0xff, 0xff,
    0xf0, 0x1f, 0xff, 0xff, 0xfe, 0xf, 0xff, 0xff,
    0xff, 0xc7, 0xff, 0xff, 0xff, 0xfb, 0xff, 0xff,
    0xff, 0xff, 0x7f, 0xff, 0xff, 0xff, 0x80,

    /* U+0060 "`" */
    0x60, 0x3c, 0xf, 0x83, 0xf0, 0xfe, 0x3f, 0xcf,
    0xfb, 0xff, 0xff, 0xff, 0xff, 0xff, 0xff, 0xff,
    0xff, 0xff, 0xff, 0xff, 0xff, 0xff, 0xff, 0xff,
    0xff, 0xff, 0xff, 0xef, 0xf3, 0xf8, 0xfc, 0x1e,
    0x3, 0x0,

    /* U+0061 "a" */
    0x7, 0xff, 0xff, 0xff, 0xf0, 0x7, 0xff, 0xff,
    0xff, 0xfc, 0x3, 0xff, 0xff, 0xff, 0xfe, 0x0,
    0xff, 0xff, 0xff, 0xfe, 0x20, 0x1f, 0xff, 0xff,
    0xfc, 0x38, 0x7, 0xff, 0xff, 0xfc, 0x7c, 0x1,
    0xff, 0xff, 0xfc, 0x7e, 0x0, 0x7f, 0xff, 0xfc,
    0x7f, 0x0, 0x1f, 0xff, 0xfc, 0x7f, 0x80, 0x0,
    0x0, 0x0, 0x7f, 0xc0, 0x0, 0x0, 0x0, 0x7f,
    0xe0, 0x0, 0x0, 0x0, 0x3f, 0xf0, 0x0, 0x0,
    0x0, 0x1f, 0xf8, 0x0, 0x0, 0x0, 0xf, 0xfc,
    0x0, 0x0, 0x0, 0x7, 0xfe, 0x0, 0x0, 0x0,
    0x3, 0xff, 0x0, 0x0, 0x0, 0x1, 0xff, 0x80,
    0x0, 0x0, 0x0, 0xff, 0xc0, 0x0, 0x0, 0x0,
    0x7f, 0xe0, 0x0, 0x0, 0x0, 0x3f, 0xf0, 0x0,
    0x0, 0x0, 0x1f, 0xf8, 0x0, 0x0, 0x0, 0xf,
    0xfc, 0x0, 0x0, 0x0, 0x7, 0xfe, 0x0, 0x0,
    0x0, 0x3, 0xff, 0x0, 0x0, 0x0, 0x1, 0xff,
    0x80, 0x0, 0x0, 0x0, 0x7f, 0xc0, 0x0, 0x0,
    0x0, 0x1f, 0xe0, 0x0, 0x0, 0x0, 0x7, 0xf0,
    0x7, 0xff, 0xff, 0xf1, 0xf8, 0x7, 0xff, 0xff,
    0xfc, 0x70, 0x7, 0xff, 0xff, 0xff, 0x10, 0x7,
    0xff, 0xff, 0xff, 0xc0, 0x7, 0xff, 0xff, 0xff,
    0xf0, 0x1, 0xff, 0xff, 0xff, 0xf0, 0x4, 0x7f,
    0xff, 0xff, 0xf1, 0x8f, 0x1f, 0xff, 0xff, 0xf1,
    0xef, 0xc7, 0xff, 0xff, 0xf1, 0xff, 0xf0, 0x0,
    0x0, 0x1, 0xff, 0xfc, 0x0, 0x0, 0x1, 0xff,
    0xff, 0x0, 0x0, 0x1, 0xff, 0xff, 0xc0, 0x0,
    0x1, 0xff, 0xff, 0xe0, 0x0, 0x0, 0xff, 0xff,
    0xf0, 0x0, 0x0, 0x7f, 0xff, 0xf8, 0x0, 0x0,
    0x3f, 0xff, 0xfc, 0x0, 0x0, 0x1f, 0xff, 0xfe,
    0x0, 0x0, 0xf, 0xff, 0xff, 0x0, 0x0, 0x7,
    0xff, 0xff, 0x80, 0x0, 0x3, 0xff, 0xff, 0xc0,
    0x0, 0x1, 0xff, 0xff, 0xe0, 0x0, 0x0, 0xff,
    0xff, 0xf0, 0x0, 0x0, 0x7f, 0xff, 0xf8, 0x0,
    0x0, 0x3f, 0xff, 0xfc, 0x0, 0x0, 0x1f, 0xff,
    0xfe, 0x0, 0x0, 0xf, 0xff, 0xff, 0x0, 0x0,
    0x7, 0xff, 0xff, 0x0, 0x0, 0x1, 0xff, 0xff,
    0x1f, 0xff, 0xfc, 0x7f, 0xff, 0x1f, 0xff, 0xff,
    0x1f, 0xff, 0x1f, 0xff, 0xff, 0xc7, 0xfe, 0x1f,
    0xff, 0xff, 0xf0, 0xfe, 0x1f, 0xff, 0xff, 0xfc,
    0x3a, 0x3f, 0xff, 0xff, 0xff, 0x8, 0x3f, 0xff,
    0xff, 0xff, 0xe0, 0x1f, 0xff, 0xff, 0xff, 0xf0,
    0x7, 0xff, 0xff, 0xff, 0xf0, 0x0,

    /* U+0062 "b" */
    0x0, 0x0, 0x0, 0x0, 0x0, 0x70, 0x0, 0x0,
    0x0, 0x0, 0x3c, 0x0, 0x0, 0x0, 0x0, 0x1f,
    0x0, 0x0, 0x0, 0x0, 0xf, 0xc0, 0x0, 0x0,
    0x0, 0x7, 0xf0, 0x0, 0x0, 0x0, 0x3, 0xfc,
    0x0, 0x0, 0x0, 0x1, 0xff, 0x0, 0x0, 0x0,
    0x0, 0xff, 0xc0, 0x0, 0x0, 0x0, 0x7f, 0xe0,
    0x0, 0x0, 0x0, 0x3f, 0xf0, 0x0, 0x0, 0x0,
    0x1f, 0xf8, 0x0, 0x0, 0x0, 0xf, 0xfc, 0x0,
    0x0, 0x0, 0x7, 0xfe, 0x0, 0x0, 0x0, 0x3,
    0xff, 0x0, 0x0, 0x0, 0x1, 0xff, 0x80, 0x0,
    0x0, 0x0, 0xff, 0xc0, 0x0, 0x0, 0x0, 0x7f,
    0xe0, 0x0, 0x0, 0x0, 0x3f, 0xf0, 0x0, 0x0,
    0x0, 0x1f, 0xf8, 0x0, 0x0, 0x0, 0xf, 0xfc,
    0x0, 0x0, 0x0, 0x7, 0xfe, 0x0, 0x0, 0x0,
    0x3, 0xfe, 0x0, 0x0, 0x0, 0x1, 0xfe, 0x0,
    0x0, 0x0, 0x0, 0xfe, 0x0, 0x0, 0x0, 0x0,
    0x7e, 0x3f, 0xff, 0xff, 0x80, 0x1e, 0x3f, 0xff,
    0xff, 0xe0, 0x0, 0x3f, 0xff, 0xff, 0xf8, 0x0,
    0x3f, 0xff, 0xff, 0xfe, 0x0, 0x3f, 0xff, 0xff,
    0xff, 0x80, 0xf, 0xff, 0xff, 0xff, 0x80, 0x23,
    0xff, 0xff, 0xff, 0x8c, 0x78, 0xff, 0xff, 0xff,
    0x8f, 0x7e, 0x3f, 0xff, 0xff, 0x8f, 0xff, 0x80,
    0x0, 0x0, 0xf, 0xff, 0xe0, 0x0, 0x0, 0xf,
    0xff, 0xf8, 0x0, 0x0, 0xf, 0xff, 0xfe, 0x0,
    0x0, 0xf, 0xff, 0xff, 0x0, 0x0, 0x7, 0xff,
    0xff, 0x80, 0x0, 0x3, 0xff, 0xff, 0xc0, 0x0,
    0x1, 0xff, 0xff, 0xe0, 0x0, 0x0, 0xff, 0xff,
    0xf0, 0x0, 0x0, 0x7f, 0xff, 0xf8, 0x0, 0x0,
    0x3f, 0xff, 0xfc, 0x0, 0x0, 0x1f, 0xff, 0xfe,
    0x0, 0x0, 0xf, 0xff, 0xff, 0x0, 0x0, 0x7,
    0xff, 0xff, 0x80, 0x0, 0x3, 0xff, 0xff, 0xc0,
    0x0, 0x1, 0xff, 0xff, 0xe0, 0x0, 0x0, 0xff,
    0xff, 0xf0, 0x0, 0x0, 0x7f, 0xff, 0xf8, 0x0,
    0x0, 0x3f, 0xff, 0xf8, 0x0, 0x0, 0xf, 0xff,
    0xf8, 0xff, 0xff, 0xe3, 0xff, 0xf8, 0xff, 0xff,
    0xf8, 0xff, 0xf8, 0xff, 0xff, 0xfe, 0x3f, 0xf0,
    0xff, 0xff, 0xff, 0x87, 0xf0, 0xff, 0xff, 0xff,
    0xe1, 0xd1, 0xff, 0xff, 0xff, 0xf8, 0x41, 0xff,
    0xff, 0xff, 0xff, 0x0, 0xff, 0xff, 0xff, 0xff,
    0x80, 0x3f, 0xff, 0xff, 0xff, 0x80,

    /* U+0063 "c" */
    0x0, 0x7f, 0xff, 0xff, 0x0, 0x7, 0xff, 0xff,
    0xfc, 0x0, 0x7f, 0xff, 0xff, 0xf0, 0x7, 0xff,
    0xff, 0xff, 0xc0, 0x7f, 0xff, 0xff, 0xff, 0x1,
    0xff, 0xff, 0xff, 0xf0, 0x47, 0xff, 0xff, 0xff,
    0xf, 0x1f, 0xff, 0xff, 0xf0, 0xfc, 0x7f, 0xff,
    0xff, 0x7, 0xf0, 0x0, 0x0, 0x0, 0x3f, 0xc0,
    0x0, 0x0, 0x1, 0xff, 0x0, 0x0, 0x0, 0xf,
    0xfc, 0x0, 0x0, 0x0, 0x7f, 0xe0, 0x0, 0x0,
    0x3, 0xff, 0x0, 0x0, 0x0, 0x1f, 0xf8, 0x0,
    0x0, 0x0, 0xff, 0xc0, 0x0, 0x0, 0x7, 0xfe,
    0x0, 0x0, 0x0, 0x3f, 0xf0, 0x0, 0x0, 0x1,
    0xff, 0x80, 0x0, 0x0, 0xf, 0xfc, 0x0, 0x0,
    0x0, 0x7f, 0xe0, 0x0, 0x0, 0x3, 0xff, 0x0,
    0x0, 0x0, 0x1f, 0xf8, 0x0, 0x0, 0x0, 0xff,
    0xc0, 0x0, 0x0, 0x7, 0xfe, 0x0, 0x0, 0x0,
    0x3f, 0xf0, 0x0, 0x0, 0x1, 0xff, 0x0, 0x0,
    0x0, 0xf, 0xf1, 0xff, 0xff, 0xc0, 0x7f, 0x1f,
    0xff, 0xff, 0x3, 0xf1, 0xff, 0xff, 0xfc, 0x1e,
    0x1f, 0xff, 0xff, 0xf0, 0xe1, 0xff, 0xff, 0xff,
    0xc2, 0x3f, 0xff, 0xff, 0xff, 0x3, 0xff, 0xff,
    0xff, 0xfe, 0x1f, 0xff, 0xff, 0xff, 0xf0, 0x7f,
    0xff, 0xff, 0xff, 0x0,

    /* U+0064 "d" */
    0x0, 0x0, 0x0, 0x0, 0x1, 0x0, 0x0, 0x0,
    0x0, 0x1, 0xc0, 0x0, 0x0, 0x0, 0x1, 0xe0,
    0x0, 0x0, 0x0, 0x1, 0xf0, 0x0, 0x0, 0x0,
    0x1, 0xf8, 0x0, 0x0, 0x0, 0x1, 0xfc, 0x0,
    0x0, 0x0, 0x1, 0xfe, 0x0, 0x0, 0x0, 0x1,
    0xff, 0x0, 0x0, 0x0, 0x1, 0xff, 0x80, 0x0,
    0x0, 0x0, 0xff, 0xc0, 0x0, 0x0, 0x0, 0x7f,
    0xe0, 0x0, 0x0, 0x0, 0x3f, 0xf0, 0x0, 0x0,
    0x0, 0x1f, 0xf8, 0x0, 0x0, 0x0, 0xf, 0xfc,
    0x0, 0x0, 0x0, 0x7, 0xfe, 0x0, 0x0, 0x0,
    0x3, 0xff, 0x0, 0x0, 0x0, 0x1, 0xff, 0x80,
    0x0, 0x0, 0x0, 0xff, 0xc0, 0x0, 0x0, 0x0,
    0x7f, 0xe0, 0x0, 0x0, 0x0, 0x3f, 0xf0, 0x0,
    0x0, 0x0, 0x1f, 0xf8, 0x0, 0x0, 0x0, 0xf,
    0xfc, 0x0, 0x0, 0x0, 0x3, 0xfe, 0x0, 0x0,
    0x0, 0x0, 0xff, 0x0, 0x0, 0x0, 0x0, 0x3f,
    0x80, 0x3f, 0xff, 0xff, 0x8f, 0xc0, 0x3f, 0xff,
    0xff, 0xe3, 0x80, 0x3f, 0xff, 0xff, 0xf8, 0x80,
    0x3f, 0xff, 0xff, 0xfe, 0x0, 0x3f, 0xff, 0xff,
    0xff, 0x80, 0xf, 0xff, 0xff, 0xff, 0x80, 0x23,
    0xff, 0xff, 0xff, 0x8c, 0x78, 0xff, 0xff, 0xff,
    0x8f, 0x7e, 0x3f, 0xff, 0xff, 0x8f, 0xff, 0x80,
    0x0, 0x0, 0xf, 0xff, 0xe0, 0x0, 0x0, 0xf,
    0xff, 0xf8, 0x0, 0x0, 0xf, 0xff, 0xfe, 0x0,
    0x0, 0xf, 0xff, 0xff, 0x0, 0x0, 0x7, 0xff,
    0xff, 0x80, 0x0, 0x3, 0xff, 0xff, 0xc0, 0x0,
    0x1, 0xff, 0xff, 0xe0, 0x0, 0x0, 0xff, 0xff,
    0xf0, 0x0, 0x0, 0x7f, 0xff, 0xf8, 0x0, 0x0,
    0x3f, 0xff, 0xfc, 0x0, 0x0, 0x1f, 0xff, 0xfe,
    0x0, 0x0, 0xf, 0xff, 0xff, 0x0, 0x0, 0x7,
    0xff, 0xff, 0x80, 0x0, 0x3, 0xff, 0xff, 0xc0,
    0x0, 0x1, 0xff, 0xff, 0xe0, 0x0, 0x0, 0xff,
    0xff, 0xf0, 0x0, 0x0, 0x7f, 0xff, 0xf8, 0x0,
    0x0, 0x3f, 0xff, 0xf8, 0x0, 0x0, 0xf, 0xff,
    0xf8, 0xff, 0xff, 0xe3, 0xff, 0xf8, 0xff, 0xff,
    0xf8, 0xff, 0xf8, 0xff, 0xff, 0xfe, 0x3f, 0xf0,
    0xff, 0xff, 0xff, 0x87, 0xf0, 0xff, 0xff, 0xff,
    0xe1, 0xd1, 0xff, 0xff, 0xff, 0xf8, 0x41, 0xff,
    0xff, 0xff, 0xff, 0x0, 0xff, 0xff, 0xff, 0xff,
    0x80, 0x3f, 0xff, 0xff, 0xff, 0x80,

    /* U+0065 "e" */
    0x7, 0xff, 0xff, 0xff, 0xf0, 0x7, 0xff, 0xff,
    0xff, 0xfc, 0x3, 0xff, 0xff, 0xff, 0xfe, 0x8,
    0xff, 0xff, 0xff, 0xfe, 0x2e, 0x1f, 0xff, 0xff,
    0xfc, 0x3f, 0xc7, 0xff, 0xff, 0xfc, 0x7f, 0xf1,
    0xff, 0xff, 0xfc, 0x7f, 0xfc, 0x7f, 0xff, 0xfc,
    0x7f, 0xff, 0x1f, 0xff, 0xfc, 0x7f, 0xff, 0xc0,
    0x0, 0x0, 0x7f, 0xff, 0xf0, 0x0, 0x0, 0x7f,
    0xff, 0xf8, 0x0, 0x0, 0x3f, 0xff, 0xfc, 0x0,
    0x0, 0x1f, 0xff, 0xfe, 0x0, 0x0, 0xf, 0xff,
    0xff, 0x0, 0x0, 0x7, 0xff, 0xff, 0x80, 0x0,
    0x3, 0xff, 0xff, 0xc0, 0x0, 0x1, 0xff, 0xff,
    0xe0, 0x0, 0x0, 0xff, 0xff, 0xf0, 0x0, 0x0,
    0x7f, 0xff, 0xf8, 0x0, 0x0, 0x3f, 0xff, 0xfc,
    0x0, 0x0, 0x1f, 0xff, 0xfe, 0x0, 0x0, 0xf,
    0xff, 0xff, 0x0, 0x0, 0x7, 0xff, 0xff, 0x80,
    0x0, 0x3, 0xff, 0xff, 0xc0, 0x0, 0x1, 0xff,
    0xff, 0xc0, 0x0, 0x0, 0x7f, 0xff, 0xc0, 0x0,
    0x0, 0x1f, 0xff, 0xc0, 0x0, 0x0, 0x7, 0xff,
    0xc7, 0xff, 0xff, 0xf1, 0xfb, 0xc7, 0xff, 0xff,
    0xfc, 0x70, 0x47, 0xff, 0xff, 0xff, 0x10, 0x7,
    0xff, 0xff, 0xff, 0xc0, 0x7, 0xff, 0xff, 0xff,
    0xf0, 0x1, 0xff, 0xff, 0xff, 0xf0, 0x4, 0x7f,
    0xff, 0xff, 0xf0, 0xf, 0x1f, 0xff, 0xff, 0xf0,
    0xf, 0xc7, 0xff, 0xff, 0xf0, 0x7, 0xf0, 0x0,
    0x0, 0x0, 0x3, 0xfc, 0x0, 0x0, 0x0, 0x1,
    0xff, 0x0, 0x0, 0x0, 0x0, 0xff, 0xc0, 0x0,
    0x0, 0x0, 0x7f, 0xe0, 0x0, 0x0, 0x0, 0x3f,
    0xf0, 0x0, 0x0, 0x0, 0x1f, 0xf8, 0x0, 0x0,
    0x0, 0xf, 0xfc, 0x0, 0x0, 0x0, 0x7, 0xfe,
    0x0, 0x0, 0x0, 0x3, 0xff, 0x0, 0x0, 0x0,
    0x1, 0xff, 0x80, 0x0, 0x0, 0x0, 0xff, 0xc0,
    0x0, 0x0, 0x0, 0x7f, 0xe0, 0x0, 0x0, 0x0,
    0x3f, 0xf0, 0x0, 0x0, 0x0, 0x1f, 0xf8, 0x0,
    0x0, 0x0, 0xf, 0xfc, 0x0, 0x0, 0x0, 0x7,
    0xfe, 0x0, 0x0, 0x0, 0x3, 0xff, 0x0, 0x0,
    0x0, 0x1, 0xff, 0x0, 0x0, 0x0, 0x0, 0xff,
    0x1f, 0xff, 0xfc, 0x0, 0x7f, 0x1f, 0xff, 0xff,
    0x0, 0x3f, 0x1f, 0xff, 0xff, 0xc0, 0x1e, 0x1f,
    0xff, 0xff, 0xf0, 0xe, 0x1f, 0xff, 0xff, 0xfc,
    0x2, 0x3f, 0xff, 0xff, 0xff, 0x0, 0x3f, 0xff,
    0xff, 0xff, 0xe0, 0x1f, 0xff, 0xff, 0xff, 0xf0,
    0x7, 0xff, 0xff, 0xff, 0xf0, 0x0,

    /* U+0066 "f" */
    0x7, 0xff, 0xff, 0xff, 0xf0, 0x7f, 0xff, 0xff,
    0xff, 0xc3, 0xff, 0xff, 0xff, 0xfe, 0x8f, 0xff,
    0xff, 0xff, 0xee, 0x1f, 0xff, 0xff, 0xfc, 0x7c,
    0x7f, 0xff, 0xff, 0xc3, 0xf1, 0xff, 0xff, 0xfc,
    0x1f, 0xc7, 0xff, 0xff, 0xc0, 0xff, 0x1f, 0xff,
    0xfc, 0x7, 0xfc, 0x0, 0x0, 0x0, 0x3f, 0xf0,
    0x0, 0x0, 0x1, 0xff, 0x80, 0x0, 0x0, 0xf,
    0xfc, 0x0, 0x0, 0x0, 0x7f, 0xe0, 0x0, 0x0,
    0x3, 0xff, 0x0, 0x0, 0x0, 0x1f, 0xf8, 0x0,
    0x0, 0x0, 0xff, 0xc0, 0x0, 0x0, 0x7, 0xfe,
    0x0, 0x0, 0x0, 0x3f, 0xf0, 0x0, 0x0, 0x1,
    0xff, 0x80, 0x0, 0x0, 0xf, 0xfc, 0x0, 0x0,
    0x0, 0x7f, 0xe0, 0x0, 0x0, 0x3, 0xff, 0x0,
    0x0, 0x0, 0x1f, 0xf8, 0x0, 0x0, 0x0, 0xff,
    0xc0, 0x0, 0x0, 0x7, 0xfc, 0x0, 0x0, 0x0,
    0x3f, 0xc0, 0x0, 0x0, 0x1, 0xfc, 0x0, 0x0,
    0x0, 0xf, 0xc7, 0xff, 0xff, 0xf0, 0x3c, 0x7f,
    0xff, 0xff, 0xc0, 0x47, 0xff, 0xff, 0xff, 0x0,
    0x7f, 0xff, 0xff, 0xfc, 0x7, 0xff, 0xff, 0xff,
    0xf0, 0x1f, 0xff, 0xff, 0xff, 0x4, 0x7f, 0xff,
    0xff, 0xf0, 0xf1, 0xff, 0xff, 0xff, 0xf, 0xc7,
    0xff, 0xff, 0xf0, 0x7f, 0x0, 0x0, 0x0, 0x3,
    0xfc, 0x0, 0x0, 0x0, 0x1f, 0xf0, 0x0, 0x0,
    0x0, 0xff, 0xc0, 0x0, 0x0, 0x7, 0xfe, 0x0,
    0x0, 0x0, 0x3f, 0xf0, 0x0, 0x0, 0x1, 0xff,
    0x80, 0x0, 0x0, 0xf, 0xfc, 0x0, 0x0, 0x0,
    0x7f, 0xe0, 0x0, 0x0, 0x3, 0xff, 0x0, 0x0,
    0x0, 0x1f, 0xf8, 0x0, 0x0, 0x0, 0xff, 0xc0,
    0x0, 0x0, 0x7, 0xfe, 0x0, 0x0, 0x0, 0x3f,
    0xf0, 0x0, 0x0, 0x1, 0xff, 0x80, 0x0, 0x0,
    0xf, 0xfc, 0x0, 0x0, 0x0, 0x7f, 0xe0, 0x0,
    0x0, 0x3, 0xff, 0x0, 0x0, 0x0, 0x1f, 0xf0,
    0x0, 0x0, 0x0, 0xff, 0x1f, 0xff, 0xfc, 0x7,
    0xf1, 0xff, 0xff, 0xf0, 0x3f, 0x1f, 0xff, 0xff,
    0xc1, 0xe1, 0xff, 0xff, 0xff, 0xe, 0x1f, 0xff,
    0xff, 0xfc, 0x23, 0xff, 0xff, 0xff, 0xf0, 0x3f,
    0xff, 0xff, 0xff, 0xe1, 0xff, 0xff, 0xff, 0xff,
    0x7, 0xff, 0xff, 0xff, 0xf0,

    /* U+0067 "g" */
    0x7, 0xff, 0xff, 0xff, 0xf0, 0x7, 0xff, 0xff,
    0xff, 0xfc, 0x3, 0xff, 0xff, 0xff, 0xfe, 0x8,
    0xff, 0xff, 0xff, 0xfe, 0x2e, 0x1f, 0xff, 0xff,
    0xfc, 0x3f, 0xc7, 0xff, 0xff, 0xfc, 0x7f, 0xf1,
    0xff, 0xff, 0xfc, 0x7f, 0xfc, 0x7f, 0xff, 0xfc,
    0x7f, 0xff, 0x1f, 0xff, 0xfc, 0x7f, 0xff, 0xc0,
    0x0, 0x0, 0x7f, 0xff, 0xf0, 0x0, 0x0, 0x7f,
    0xff, 0xf8, 0x0, 0x0, 0x3f, 0xff, 0xfc, 0x0,
    0x0, 0x1f, 0xff, 0xfe, 0x0, 0x0, 0xf, 0xff,
    0xff, 0x0, 0x0, 0x7, 0xff, 0xff, 0x80, 0x0,
    0x3, 0xff, 0xff, 0xc0, 0x0, 0x1, 0xff, 0xff,
    0xe0, 0x0, 0x0, 0xff, 0xff, 0xf0, 0x0, 0x0,
    0x7f, 0xff, 0xf8, 0x0, 0x0, 0x3f, 0xff, 0xfc,
    0x0, 0x0, 0x1f, 0xff, 0xfe, 0x0, 0x0, 0xf,
    0xff, 0xff, 0x0, 0x0, 0x7, 0xff, 0xff, 0x80,
    0x0, 0x3, 0xff, 0xff, 0xc0, 0x0, 0x1, 0xff,
    0xff, 0xc0, 0x0, 0x0, 0x7f, 0xff, 0xc0, 0x0,
    0x0, 0x1f, 0xff, 0xc0, 0x0, 0x0, 0x7, 0xff,
    0xc7, 0xff, 0xff, 0xf1, 0xfb, 0xc7, 0xff, 0xff,
    0xfc, 0x70, 0x47, 0xff, 0xff, 0xff, 0x10, 0x7,
    0xff, 0xff, 0xff, 0xc0, 0x7, 0xff, 0xff, 0xff,
    0xf0, 0x1, 0xff, 0xff, 0xff, 0xf0, 0x0, 0x7f,
    0xff, 0xff, 0xf1, 0x80, 0x1f, 0xff, 0xff, 0xf1,
    0xe0, 0x7, 0xff, 0xff, 0xf1, 0xf8, 0x0, 0x0,
    0x0, 0x1, 0xfc, 0x0, 0x0, 0x0, 0x1, 0xfe,
    0x0, 0x0, 0x0, 0x1, 0xff, 0x0, 0x0, 0x0,
    0x1, 0xff, 0x80, 0x0, 0x0, 0x0, 0xff, 0xc0,
    0x0, 0x0, 0x0, 0x7f, 0xe0, 0x0, 0x0, 0x0,
    0x3f, 0xf0, 0x0, 0x0, 0x0, 0x1f, 0xf8, 0x0,
    0x0, 0x0, 0xf, 0xfc, 0x0, 0x0, 0x0, 0x7,
    0xfe, 0x0, 0x0, 0x0, 0x3, 0xff, 0x0, 0x0,
    0x0, 0x1, 0xff, 0x80, 0x0, 0x0, 0x0, 0xff,
    0xc0, 0x0, 0x0, 0x0, 0x7f, 0xe0, 0x0, 0x0,
    0x0, 0x3f, 0xf0, 0x0, 0x0, 0x0, 0x1f, 0xf8,
    0x0, 0x0, 0x0, 0xf, 0xfc, 0x0, 0x0, 0x0,
    0x7, 0xfe, 0x0, 0x0, 0x0, 0x1, 0xff, 0x0,
    0x1f, 0xff, 0xfc, 0x7f, 0x80, 0x1f, 0xff, 0xff,
    0x1f, 0xc0, 0x1f, 0xff, 0xff, 0xc7, 0xe0, 0x1f,
    0xff, 0xff, 0xf0, 0xf0, 0x1f, 0xff, 0xff, 0xfc,
    0x38, 0x3f, 0xff, 0xff, 0xff, 0x8, 0x3f, 0xff,
    0xff, 0xff, 0xe0, 0x1f, 0xff, 0xff, 0xff, 0xf0,
    0x7, 0xff, 0xff, 0xff, 0xf0, 0x0,

    /* U+0068 "h" */
    0x0, 0x0, 0x0, 0x0, 0x0, 0x70, 0x0, 0x0,
    0x0, 0x0, 0x3c, 0x0, 0x0, 0x0, 0x0, 0x1f,
    0x0, 0x0, 0x0, 0x0, 0xf, 0xc0, 0x0, 0x0,
    0x0, 0x7, 0xf0, 0x0, 0x0, 0x0, 0x3, 0xfc,
    0x0, 0x0, 0x0, 0x1, 0xff, 0x0, 0x0, 0x0,
    0x0, 0xff, 0xc0, 0x0, 0x0, 0x0, 0x7f, 0xe0,
    0x0, 0x0, 0x0, 0x3f, 0xf0, 0x0, 0x0, 0x0,
    0x1f, 0xf8, 0x0, 0x0, 0x0, 0xf, 0xfc, 0x0,
    0x0, 0x0, 0x7, 0xfe, 0x0, 0x0, 0x0, 0x3,
    0xff, 0x0, 0x0, 0x0, 0x1, 0xff, 0x80, 0x0,
    0x0, 0x0, 0xff, 0xc0, 0x0, 0x0, 0x0, 0x7f,
    0xe0, 0x0, 0x0, 0x0, 0x3f, 0xf0, 0x0, 0x0,
    0x0, 0x1f, 0xf8, 0x0, 0x0, 0x0, 0xf, 0xfc,
    0x0, 0x0, 0x0, 0x7, 0xfe, 0x0, 0x0, 0x0,
    0x3, 0xfe, 0x0, 0x0, 0x0, 0x1, 0xfe, 0x0,
    0x0, 0x0, 0x0, 0xfe, 0x0, 0x0, 0x0, 0x0,
    0x7e, 0x3f, 0xff, 0xff, 0x80, 0x1e, 0x3f, 0xff,
    0xff, 0xe0, 0x0, 0x3f, 0xff, 0xff, 0xf8, 0x0,
    0x3f, 0xff, 0xff, 0xfe, 0x0, 0x3f, 0xff, 0xff,
    0xff, 0x80, 0xf, 0xff, 0xff, 0xff, 0x80, 0x23,
    0xff, 0xff, 0xff, 0x8c, 0x78, 0xff, 0xff, 0xff,
    0x8f, 0x7e, 0x3f, 0xff, 0xff, 0x8f, 0xff, 0x80,
    0x0, 0x0, 0xf, 0xff, 0xe0, 0x0, 0x0, 0xf,
    0xff, 0xf8, 0x0, 0x0, 0xf, 0xff, 0xfe, 0x0,
    0x0, 0xf, 0xff, 0xff, 0x0, 0x0, 0x7, 0xff,
    0xff, 0x80, 0x0, 0x3, 0xff, 0xff, 0xc0, 0x0,
    0x1, 0xff, 0xff, 0xe0, 0x0, 0x0, 0xff, 0xff,
    0xf0, 0x0, 0x0, 0x7f, 0xff, 0xf8, 0x0, 0x0,
    0x3f, 0xff, 0xfc, 0x0, 0x0, 0x1f, 0xff, 0xfe,
    0x0, 0x0, 0xf, 0xff, 0xff, 0x0, 0x0, 0x7,
    0xff, 0xff, 0x80, 0x0, 0x3, 0xff, 0xff, 0xc0,
    0x0, 0x1, 0xff, 0xff, 0xe0, 0x0, 0x0, 0xff,
    0xff, 0xf0, 0x0, 0x0, 0x7f, 0xff, 0xf0, 0x0,
    0x0, 0x1f, 0xff, 0xf0, 0x0, 0x0, 0x7, 0xff,
    0xf0, 0x0, 0x0, 0x1, 0xff, 0xf0, 0x0, 0x0,
    0x0, 0x7f, 0xf0, 0x0, 0x0, 0x0, 0x1f, 0xf0,
    0x0, 0x0, 0x0, 0x7, 0xf0, 0x0, 0x0, 0x0,
    0x1, 0xc0, 0x0, 0x0, 0x0, 0x0, 0x0,

    /* U+0069 "i" */
    0x3, 0x1, 0xe0, 0xfc, 0x7f, 0x3f, 0xdf, 0xff,
    0xff, 0xff, 0xff, 0xff, 0xff, 0xff, 0xff, 0xff,
    0xff, 0xff, 0xff, 0xff, 0xff, 0xff, 0xff, 0xff,
    0xff, 0x7f, 0xcf, 0xf1, 0xfc, 0x3f, 0x7, 0xc0,
    0xf0, 0x18, 0x0,

    /* U+006A "j" */
    0x0, 0x0, 0x0, 0x0, 0x0, 0x0, 0x0, 0x0,
    0x1, 0x80, 0x0, 0x0, 0x0, 0x1e, 0x0, 0x0,
    0x0, 0x1, 0xf0, 0x0, 0x0, 0x0, 0x1f, 0x80,
    0x0, 0x0, 0x1, 0xfc, 0x0, 0x0, 0x0, 0x1f,
    0xe0, 0x0, 0x0, 0x1, 0xff, 0x0, 0x0, 0x0,
    0x1f, 0xf8, 0x0, 0x0, 0x0, 0xff, 0xc0, 0x0,
    0x0, 0x7, 0xfe, 0x0, 0x0, 0x0, 0x3f, 0xf0,
    0x0, 0x0, 0x1, 0xff, 0x80, 0x0, 0x0, 0xf,
    0xfc, 0x0, 0x0, 0x0, 0x7f, 0xe0, 0x0, 0x0,
    0x3, 0xff, 0x0, 0x0, 0x0, 0x1f, 0xf8, 0x0,
    0x0, 0x0, 0xff, 0xc0, 0x0, 0x0, 0x7, 0xfe,
    0x0, 0x0, 0x0, 0x3f, 0xf0, 0x0, 0x0, 0x1,
    0xff, 0x80, 0x0, 0x0, 0xf, 0xfc, 0x0, 0x0,
    0x0, 0x3f, 0xe0, 0x0, 0x0, 0x0, 0xff, 0x0,
    0x0, 0x0, 0x3, 0xf8, 0x0, 0x0, 0x0, 0xf,
    0xc0, 0x0, 0x0, 0x0, 0x3c, 0x0, 0x0, 0x0,
    0x0, 0xc0, 0x0, 0x0, 0x0, 0x0, 0x0, 0x0,
    0x0, 0x0, 0x0, 0x0, 0x0, 0x0, 0x0, 0x0,
    0x0, 0x0, 0x0, 0x0, 0x0, 0x0, 0x0, 0x0,
    0x60, 0x0, 0x0, 0x0, 0x7, 0x80, 0x0, 0x0,
    0x0, 0x7e, 0x0, 0x0, 0x0, 0x7, 0xf0, 0x0,
    0x0, 0x0, 0x7f, 0x80, 0x0, 0x0, 0x7, 0xfc,
    0x0, 0x0, 0x0, 0x7f, 0xe0, 0x0, 0x0, 0x3,
    0xff, 0x0, 0x0, 0x0, 0x1f, 0xf8, 0x0, 0x0,
    0x0, 0xff, 0xc0, 0x0, 0x0, 0x7, 0xfe, 0x0,
    0x0, 0x0, 0x3f, 0xf0, 0x0, 0x0, 0x1, 0xff,
    0x80, 0x0, 0x0, 0xf, 0xfc, 0x0, 0x0, 0x0,
    0x7f, 0xe0, 0x0, 0x0, 0x3, 0xff, 0x0, 0x0,
    0x0, 0x1f, 0xf8, 0x0, 0x0, 0x0, 0xff, 0xc0,
    0x0, 0x0, 0x7, 0xfe, 0x0, 0x0, 0x0, 0x3f,
    0xf0, 0x0, 0x0, 0x0, 0xff, 0x80, 0xff, 0xff,
    0xe3, 0xfc, 0xf, 0xff, 0xff, 0x8f, 0xe0, 0xff,
    0xff, 0xfe, 0x3f, 0xf, 0xff, 0xff, 0xf8, 0xf8,
    0xff, 0xff, 0xff, 0xe1, 0xdf, 0xff, 0xff, 0xff,
    0x85, 0xff, 0xff, 0xff, 0xff, 0xf, 0xff, 0xff,
    0xff, 0xf8, 0x3f, 0xff, 0xff, 0xff, 0x80,

    /* U+006B "k" */
    0x7, 0xff, 0xff, 0xff, 0xf0, 0x7, 0xff, 0xff,
    0xff, 0xfc, 0x3, 0xff, 0xff, 0xff, 0xfe, 0x8,
    0xff, 0xff, 0xff, 0xfe, 0xe, 0x1f, 0xff, 0xff,
    0xfc, 0x7, 0xc7, 0xff, 0xff, 0xfc, 0x3, 0xf1,
    0xff, 0xff, 0xfc, 0x1, 0xfc, 0x7f, 0xff, 0xfc,
    0x0, 0xff, 0x1f, 0xff, 0xfc, 0x0, 0x7f, 0xc0,
    0x0, 0x0, 0x0, 0x3f, 0xf0, 0x0, 0x0, 0x0,
    0x1f, 0xf8, 0x0, 0x0, 0x0, 0xf, 0xfc, 0x0,
    0x0, 0x0, 0x7, 0xfe, 0x0, 0x0, 0x0, 0x3,
    0xff, 0x0, 0x0, 0x0, 0x1, 0xff, 0x80, 0x0,
    0x0, 0x0, 0xff, 0xc0, 0x0, 0x0, 0x0, 0x7f,
    0xe0, 0x0, 0x0, 0x0, 0x3f, 0xf0, 0x0, 0x0,
    0x0, 0x1f, 0xf8, 0x0, 0x0, 0x0, 0xf, 0xfc,
    0x0, 0x0, 0x0, 0x7, 0xfe, 0x0, 0x0, 0x0,
    0x3, 0xff, 0x0, 0x0, 0x0, 0x1, 0xff, 0x80,
    0x0, 0x0, 0x0, 0xff, 0xc0, 0x0, 0x0, 0x0,
    0x7f, 0xc0, 0x0, 0x0, 0x0, 0x3f, 0xc0, 0x0,
    0x0, 0x0, 0x1f, 0xc0, 0x0, 0x0, 0x0, 0xf,
    0xc7, 0xff, 0xff, 0xf0, 0x3, 0xc7, 0xff, 0xff,
    0xfc, 0x0, 0x47, 0xff, 0xff, 0xff, 0x0, 0x7,
    0xff, 0xff, 0xff, 0xc0, 0x7, 0xff, 0xff, 0xff,
    0xf0, 0x1, 0xff, 0xff, 0xff, 0xf0, 0x4, 0x7f,
    0xff, 0xff, 0xf1, 0x8f, 0x1f, 0xff, 0xff, 0xf1,
    0xef, 0xc7, 0xff, 0xff, 0xf1, 0xff, 0xf0, 0x0,
    0x0, 0x1, 0xff, 0xfc, 0x0, 0x0, 0x1, 0xff,
    0xff, 0x0, 0x0, 0x1, 0xff, 0xff, 0xc0, 0x0,
    0x1, 0xff, 0xff, 0xe0, 0x0, 0x0, 0xff, 0xff,
    0xf0, 0x0, 0x0, 0x7f, 0xff, 0xf8, 0x0, 0x0,
    0x3f, 0xff, 0xfc, 0x0, 0x0, 0x1f, 0xff, 0xfe,
    0x0, 0x0, 0xf, 0xff, 0xff, 0x0, 0x0, 0x7,
    0xff, 0xff, 0x80, 0x0, 0x3, 0xff, 0xff, 0xc0,
    0x0, 0x1, 0xff, 0xff, 0xe0, 0x0, 0x0, 0xff,
    0xff, 0xf0, 0x0, 0x0, 0x7f, 0xff, 0xf8, 0x0,
    0x0, 0x3f, 0xff, 0xfc, 0x0, 0x0, 0x1f, 0xff,
    0xfe, 0x0, 0x0, 0xf, 0xff, 0xfe, 0x0, 0x0,
    0x3, 0xff, 0xfe, 0x0, 0x0, 0x0, 0xff, 0xfe,
    0x0, 0x0, 0x0, 0x3f, 0xfe, 0x0, 0x0, 0x0,
    0xf, 0xfe, 0x0, 0x0, 0x0, 0x3, 0xfe, 0x0,
    0x0, 0x0, 0x0, 0xfe, 0x0, 0x0, 0x0, 0x0,
    0x38, 0x0, 0x0, 0x0, 0x0, 0x0,

    /* U+006C "l" */
    0x0, 0x0, 0x0, 0x0, 0x3, 0x0, 0x0, 0x0,
    0x0, 0x3c, 0x0, 0x0, 0x0, 0x1, 0xf0, 0x0,
    0x0, 0x0, 0xf, 0xc0, 0x0, 0x0, 0x0, 0x7f,
    0x0, 0x0, 0x0, 0x3, 0xfc, 0x0, 0x0, 0x0,
    0x1f, 0xf0, 0x0, 0x0, 0x0, 0xff, 0xc0, 0x0,
    0x0, 0x7, 0xfe, 0x0, 0x0, 0x0, 0x3f, 0xf0,
    0x0, 0x0, 0x1, 0xff, 0x80, 0x0, 0x0, 0xf,
    0xfc, 0x0, 0x0, 0x0, 0x7f, 0xe0, 0x0, 0x0,
    0x3, 0xff, 0x0, 0x0, 0x0, 0x1f, 0xf8, 0x0,
    0x0, 0x0, 0xff, 0xc0, 0x0, 0x0, 0x7, 0xfe,
    0x0, 0x0, 0x0, 0x3f, 0xf0, 0x0, 0x0, 0x1,
    0xff, 0x80, 0x0, 0x0, 0xf, 0xfc, 0x0, 0x0,
    0x0, 0x7f, 0xe0, 0x0, 0x0, 0x3, 0xfe, 0x0,
    0x0, 0x0, 0x1f, 0xe0, 0x0, 0x0, 0x0, 0xfe,
    0x0, 0x0, 0x0, 0x7, 0xe0, 0x0, 0x0, 0x0,
    0x1e, 0x0, 0x0, 0x0, 0x0, 0x60, 0x0, 0x0,
    0x0, 0x0, 0x0, 0x0, 0x0, 0x0, 0x0, 0x0,
    0x0, 0x0, 0x0, 0x0, 0x0, 0x0, 0x0, 0x0,
    0x0, 0x0, 0x0, 0x0, 0x30, 0x0, 0x0, 0x0,
    0x3, 0xc0, 0x0, 0x0, 0x0, 0x3f, 0x0, 0x0,
    0x0, 0x1, 0xfc, 0x0, 0x0, 0x0, 0xf, 0xf0,
    0x0, 0x0, 0x0, 0x7f, 0xc0, 0x0, 0x0, 0x3,
    0xff, 0x0, 0x0, 0x0, 0x1f, 0xf8, 0x0, 0x0,
    0x0, 0xff, 0xc0, 0x0, 0x0, 0x7, 0xfe, 0x0,
    0x0, 0x0, 0x3f, 0xf0, 0x0, 0x0, 0x1, 0xff,
    0x80, 0x0, 0x0, 0xf, 0xfc, 0x0, 0x0, 0x0,
    0x7f, 0xe0, 0x0, 0x0, 0x3, 0xff, 0x0, 0x0,
    0x0, 0x1f, 0xf8, 0x0, 0x0, 0x0, 0xff, 0xc0,
    0x0, 0x0, 0x7, 0xfe, 0x0, 0x0, 0x0, 0x3f,
    0xf0, 0x0, 0x0, 0x1, 0xff, 0x80, 0x0, 0x0,
    0xf, 0xf8, 0x0, 0x0, 0x0, 0x7f, 0x8f, 0xff,
    0xfe, 0x3, 0xf8, 0xff, 0xff, 0xf8, 0x1f, 0x8f,
    0xff, 0xff, 0xe0, 0xf0, 0xff, 0xff, 0xff, 0x87,
    0xf, 0xff, 0xff, 0xfe, 0x11, 0xff, 0xff, 0xff,
    0xf8, 0x1f, 0xff, 0xff, 0xff, 0xf0, 0xff, 0xff,
    0xff, 0xff, 0x83, 0xff, 0xff, 0xff, 0xf8,

    /* U+006D "m" */
    0x7, 0xff, 0xff, 0xff, 0xf0, 0x7, 0xff, 0xff,
    0xff, 0xfc, 0x3, 0xff, 0xff, 0xff, 0xfe, 0x0,
    0xff, 0xff, 0xff, 0xfe, 0x0, 0x1f, 0xff, 0xff,
    0xfc, 0x0, 0x7, 0xff, 0xff, 0xfc, 0x0, 0x1,
    0xff, 0xff, 0xfc, 0x0, 0x0, 0x7f, 0xff, 0xfc,
    0x0, 0x0, 0x1f, 0xff, 0xfc, 0x0, 0x0, 0x0,
    0x0, 0x0, 0x0, 0x0, 0x0, 0x0, 0x0, 0x0,
    0x0, 0x0, 0x0, 0x0, 0x0, 0x0, 0x0, 0x0,
    0x0, 0x0, 0x0, 0x0, 0x0, 0x0, 0x0, 0x0,
    0x0, 0x0, 0x0, 0x0, 0x0, 0x0, 0x0, 0x0,
    0x0, 0x0, 0x0, 0x0, 0x0, 0x0, 0x0, 0x0,
    0x0, 0x0, 0x0, 0x0, 0x0, 0x0, 0x0, 0x0,
    0x0, 0x0, 0x0, 0x0, 0x0, 0x0, 0x0, 0x0,
    0x0, 0x0, 0x0, 0x0, 0x0, 0x0, 0x0, 0x0,
    0x0, 0x0, 0x0, 0x0, 0x0, 0x0, 0x0, 0x0,
    0x0, 0x0, 0x0, 0x0, 0x0, 0x0, 0x0, 0x0,
    0x0, 0x0, 0x0, 0x0, 0x0, 0x0, 0x0, 0x0,
    0x0, 0x0, 0x0, 0x0, 0x0, 0x0, 0x0, 0x0,
    0x7, 0xff, 0xff, 0xf0, 0x0, 0x7, 0xff, 0xff,
    0xfc, 0x0, 0x7, 0xff, 0xff, 0xff, 0x0, 0x7,
    0xff, 0xff, 0xff, 0xc0, 0x7, 0xff, 0xff, 0xff,
    0xf0, 0x1, 0xff, 0xff, 0xff, 0xf0, 0x4, 0x7f,
    0xff, 0xff, 0xf1, 0x8f, 0x1f, 0xff, 0xff, 0xf1,
    0xef, 0xc7, 0xff, 0xff, 0xf1, 0xff, 0xf0, 0x0,
    0x0, 0x1, 0xff, 0xfc, 0x0, 0x0, 0x1, 0xff,
    0xff, 0x0, 0x0, 0x1, 0xff, 0xff, 0xc0, 0x0,
    0x1, 0xff, 0xff, 0xe0, 0x0, 0x0, 0xff, 0xff,
    0xf0, 0x0, 0x0, 0x7f, 0xff, 0xf8, 0x0, 0x0,
    0x3f, 0xff, 0xfc, 0x0, 0x0, 0x1f, 0xff, 0xfe,
    0x0, 0x0, 0xf, 0xff, 0xff, 0x0, 0x0, 0x7,
    0xff, 0xff, 0x80, 0x0, 0x3, 0xff, 0xff, 0xc0,
    0x0, 0x1, 0xff, 0xff, 0xe0, 0x0, 0x0, 0xff,
    0xff, 0xf0, 0x0, 0x0, 0x7f, 0xff, 0xf8, 0x0,
    0x0, 0x3f, 0xff, 0xfc, 0x0, 0x0, 0x1f, 0xff,
    0xfe, 0x0, 0x0, 0xf, 0xff, 0xfe, 0x0, 0x0,
    0x3, 0xff, 0xfe, 0x0, 0x0, 0x0, 0xff, 0xfe,
    0x0, 0x0, 0x0, 0x3f, 0xfe, 0x0, 0x0, 0x0,
    0xf, 0xfe, 0x0, 0x0, 0x0, 0x3, 0xfe, 0x0,
    0x0, 0x0, 0x0, 0xfe, 0x0, 0x0, 0x0, 0x0,
    0x38, 0x0, 0x0, 0x0, 0x0, 0x0,

    /* U+006E "n" */
    0x0, 0x7f, 0xff, 0xff, 0x0, 0x0, 0x7f, 0xff,
    0xff, 0xc0, 0x0, 0x7f, 0xff, 0xff, 0xf0, 0x0,
    0x7f, 0xff, 0xff, 0xfc, 0x0, 0x7f, 0xff, 0xff,
    0xff, 0x0, 0x1f, 0xff, 0xff, 0xff, 0x0, 0x47,
    0xff, 0xff, 0xff, 0x18, 0xf1, 0xff, 0xff, 0xff,
    0x1e, 0xfc, 0x7f, 0xff, 0xff, 0x1f, 0xff, 0x0,
    0x0, 0x0, 0x1f, 0xff, 0xc0, 0x0, 0x0, 0x1f,
    0xff, 0xf0, 0x0, 0x0, 0x1f, 0xff, 0xfc, 0x0,
    0x0, 0x1f, 0xff, 0xfe, 0x0, 0x0, 0xf, 0xff,
    0xff, 0x0, 0x0, 0x7, 0xff, 0xff, 0x80, 0x0,
    0x3, 0xff, 0xff, 0xc0, 0x0, 0x1, 0xff, 0xff,
    0xe0, 0x0, 0x0, 0xff, 0xff, 0xf0, 0x0, 0x0,
    0x7f, 0xff, 0xf8, 0x0, 0x0, 0x3f, 0xff, 0xfc,
    0x0, 0x0, 0x1f, 0xff, 0xfe, 0x0, 0x0, 0xf,
    0xff, 0xff, 0x0, 0x0, 0x7, 0xff, 0xff, 0x80,
    0x0, 0x3, 0xff, 0xff, 0xc0, 0x0, 0x1, 0xff,
    0xff, 0xe0, 0x0, 0x0, 0xff, 0xff, 0xe0, 0x0,
    0x0, 0x3f, 0xff, 0xe0, 0x0, 0x0, 0xf, 0xff,
    0xe0, 0x0, 0x0, 0x3, 0xff, 0xe0, 0x0, 0x0,
    0x0, 0xff, 0xe0, 0x0, 0x0, 0x0, 0x3f, 0xe0,
    0x0, 0x0, 0x0, 0xf, 0xe0, 0x0, 0x0, 0x0,
    0x3, 0x80, 0x0, 0x0, 0x0, 0x0, 0x0,

    /* U+006F "o" */
    0x0, 0x7f, 0xff, 0xff, 0x0, 0x0, 0x7f, 0xff,
    0xff, 0xc0, 0x0, 0x7f, 0xff, 0xff, 0xf0, 0x0,
    0x7f, 0xff, 0xff, 0xfc, 0x0, 0x7f, 0xff, 0xff,
    0xff, 0x0, 0x1f, 0xff, 0xff, 0xff, 0x0, 0x47,
    0xff, 0xff, 0xff, 0x18, 0xf1, 0xff, 0xff, 0xff,
    0x1e, 0xfc, 0x7f, 0xff, 0xff, 0x1f, 0xff, 0x0,
    0x0, 0x0, 0x1f, 0xff, 0xc0, 0x0, 0x0, 0x1f,
    0xff, 0xf0, 0x0, 0x0, 0x1f, 0xff, 0xfc, 0x0,
    0x0, 0x1f, 0xff, 0xfe, 0x0, 0x0, 0xf, 0xff,
    0xff, 0x0, 0x0, 0x7, 0xff, 0xff, 0x80, 0x0,
    0x3, 0xff, 0xff, 0xc0, 0x0, 0x1, 0xff, 0xff,
    0xe0, 0x0, 0x0, 0xff, 0xff, 0xf0, 0x0, 0x0,
    0x7f, 0xff, 0xf8, 0x0, 0x0, 0x3f, 0xff, 0xfc,
    0x0, 0x0, 0x1f, 0xff, 0xfe, 0x0, 0x0, 0xf,
    0xff, 0xff, 0x0, 0x0, 0x7, 0xff, 0xff, 0x80,
    0x0, 0x3, 0xff, 0xff, 0xc0, 0x0, 0x1, 0xff,
    0xff, 0xe0, 0x0, 0x0, 0xff, 0xff, 0xf0, 0x0,
    0x0, 0x7f, 0xff, 0xf0, 0x0, 0x0, 0x1f, 0xff,
    0xf1, 0xff, 0xff, 0xc7, 0xff, 0xf1, 0xff, 0xff,
    0xf1, 0xff, 0xf1, 0xff, 0xff, 0xfc, 0x7f, 0xe1,
    0xff, 0xff, 0xff, 0xf, 0xe1, 0xff, 0xff, 0xff,
    0xc3, 0xa3, 0xff, 0xff, 0xff, 0xf0, 0x83, 0xff,
    0xff, 0xff, 0xfe, 0x1, 0xff, 0xff, 0xff, 0xff,
    0x0, 0x7f, 0xff, 0xff, 0xff, 0x0,

    /* U+0070 "p" */
    0x7, 0xff, 0xff, 0xff, 0xf0, 0x7, 0xff, 0xff,
    0xff, 0xfc, 0x3, 0xff, 0xff, 0xff, 0xfe, 0x8,
    0xff, 0xff, 0xff, 0xfe, 0x2e, 0x1f, 0xff, 0xff,
    0xfc, 0x3f, 0xc7, 0xff, 0xff, 0xfc, 0x7f, 0xf1,
    0xff, 0xff, 0xfc, 0x7f, 0xfc, 0x7f, 0xff, 0xfc,
    0x7f, 0xff, 0x1f, 0xff, 0xfc, 0x7f, 0xff, 0xc0,
    0x0, 0x0, 0x7f, 0xff, 0xf0, 0x0, 0x0, 0x7f,
    0xff, 0xf8, 0x0, 0x0, 0x3f, 0xff, 0xfc, 0x0,
    0x0, 0x1f, 0xff, 0xfe, 0x0, 0x0, 0xf, 0xff,
    0xff, 0x0, 0x0, 0x7, 0xff, 0xff, 0x80, 0x0,
    0x3, 0xff, 0xff, 0xc0, 0x0, 0x1, 0xff, 0xff,
    0xe0, 0x0, 0x0, 0xff, 0xff, 0xf0, 0x0, 0x0,
    0x7f, 0xff, 0xf8, 0x0, 0x0, 0x3f, 0xff, 0xfc,
    0x0, 0x0, 0x1f, 0xff, 0xfe, 0x0, 0x0, 0xf,
    0xff, 0xff, 0x0, 0x0, 0x7, 0xff, 0xff, 0x80,
    0x0, 0x3, 0xff, 0xff, 0xc0, 0x0, 0x1, 0xff,
    0xff, 0xc0, 0x0, 0x0, 0x7f, 0xff, 0xc0, 0x0,
    0x0, 0x1f, 0xff, 0xc0, 0x0, 0x0, 0x7, 0xff,
    0xc7, 0xff, 0xff, 0xf1, 0xfb, 0xc7, 0xff, 0xff,
    0xfc, 0x70, 0x47, 0xff, 0xff, 0xff, 0x10, 0x7,
    0xff, 0xff, 0xff, 0xc0, 0x7, 0xff, 0xff, 0xff,
    0xf0, 0x1, 0xff, 0xff, 0xff, 0xf0, 0x4, 0x7f,
    0xff, 0xff, 0xf0, 0xf, 0x1f, 0xff, 0xff, 0xf0,
    0xf, 0xc7, 0xff, 0xff, 0xf0, 0x7, 0xf0, 0x0,
    0x0, 0x0, 0x3, 0xfc, 0x0, 0x0, 0x0, 0x1,
    0xff, 0x0, 0x0, 0x0, 0x0, 0xff, 0xc0, 0x0,
    0x0, 0x0, 0x7f, 0xe0, 0x0, 0x0, 0x0, 0x3f,
    0xf0, 0x0, 0x0, 0x0, 0x1f, 0xf8, 0x0, 0x0,
    0x0, 0xf, 0xfc, 0x0, 0x0, 0x0, 0x7, 0xfe,
    0x0, 0x0, 0x0, 0x3, 0xff, 0x0, 0x0, 0x0,
    0x1, 0xff, 0x80, 0x0, 0x0, 0x0, 0xff, 0xc0,
    0x0, 0x0, 0x0, 0x7f, 0xe0, 0x0, 0x0, 0x0,
    0x3f, 0xf0, 0x0, 0x0, 0x0, 0x1f, 0xf8, 0x0,
    0x0, 0x0, 0xf, 0xfc, 0x0, 0x0, 0x0, 0x7,
    0xfe, 0x0, 0x0, 0x0, 0x3, 0xfe, 0x0, 0x0,
    0x0, 0x1, 0xfe, 0x0, 0x0, 0x0, 0x0, 0xfe,
    0x0, 0x0, 0x0, 0x0, 0x7e, 0x0, 0x0, 0x0,
    0x0, 0x3e, 0x0, 0x0, 0x0, 0x0, 0x1e, 0x0,
    0x0, 0x0, 0x0, 0xe, 0x0, 0x0, 0x0, 0x0,
    0x0, 0x0, 0x0, 0x0, 0x0, 0x0,

    /* U+0071 "q" */
    0x7, 0xff, 0xff, 0xff, 0xf0, 0x7, 0xff, 0xff,
    0xff, 0xfc, 0x3, 0xff, 0xff, 0xff, 0xfe, 0x8,
    0xff, 0xff, 0xff, 0xfe, 0x2e, 0x1f, 0xff, 0xff,
    0xfc, 0x3f, 0xc7, 0xff, 0xff, 0xfc, 0x7f, 0xf1,
    0xff, 0xff, 0xfc, 0x7f, 0xfc, 0x7f, 0xff, 0xfc,
    0x7f, 0xff, 0x1f, 0xff, 0xfc, 0x7f, 0xff, 0xc0,
    0x0, 0x0, 0x7f, 0xff, 0xf0, 0x0, 0x0, 0x7f,
    0xff, 0xf8, 0x0, 0x0, 0x3f, 0xff, 0xfc, 0x0,
    0x0, 0x1f, 0xff, 0xfe, 0x0, 0x0, 0xf, 0xff,
    0xff, 0x0, 0x0, 0x7, 0xff, 0xff, 0x80, 0x0,
    0x3, 0xff, 0xff, 0xc0, 0x0, 0x1, 0xff, 0xff,
    0xe0, 0x0, 0x0, 0xff, 0xff, 0xf0, 0x0, 0x0,
    0x7f, 0xff, 0xf8, 0x0, 0x0, 0x3f, 0xff, 0xfc,
    0x0, 0x0, 0x1f, 0xff, 0xfe, 0x0, 0x0, 0xf,
    0xff, 0xff, 0x0, 0x0, 0x7, 0xff, 0xff, 0x80,
    0x0, 0x3, 0xff, 0xff, 0xc0, 0x0, 0x1, 0xff,
    0xff, 0xc0, 0x0, 0x0, 0x7f, 0xff, 0xc0, 0x0,
    0x0, 0x1f, 0xff, 0xc0, 0x0, 0x0, 0x7, 0xff,
    0xc7, 0xff, 0xff, 0xf1, 0xfb, 0xc7, 0xff, 0xff,
    0xfc, 0x70, 0x47, 0xff, 0xff, 0xff, 0x10, 0x7,
    0xff, 0xff, 0xff, 0xc0, 0x7, 0xff, 0xff, 0xff,
    0xf0, 0x1, 0xff, 0xff, 0xff, 0xf0, 0x0, 0x7f,
    0xff, 0xff, 0xf1, 0x80, 0x1f, 0xff, 0xff, 0xf1,
    0xe0, 0x7, 0xff, 0xff, 0xf1, 0xf8, 0x0, 0x0,
    0x0, 0x1, 0xfc, 0x0, 0x0, 0x0, 0x1, 0xfe,
    0x0, 0x0, 0x0, 0x1, 0xff, 0x0, 0x0, 0x0,
    0x1, 0xff, 0x80, 0x0, 0x0, 0x0, 0xff, 0xc0,
    0x0, 0x0, 0x0, 0x7f, 0xe0, 0x0, 0x0, 0x0,
    0x3f, 0xf0, 0x0, 0x0, 0x0, 0x1f, 0xf8, 0x0,
    0x0, 0x0, 0xf, 0xfc, 0x0, 0x0, 0x0, 0x7,
    0xfe, 0x0, 0x0, 0x0, 0x3, 0xff, 0x0, 0x0,
    0x0, 0x1, 0xff, 0x80, 0x0, 0x0, 0x0, 0xff,
    0xc0, 0x0, 0x0, 0x0, 0x7f, 0xe0, 0x0, 0x0,
    0x0, 0x3f, 0xf0, 0x0, 0x0, 0x0, 0x1f, 0xf8,
    0x0, 0x0, 0x0, 0xf, 0xfc, 0x0, 0x0, 0x0,
    0x3, 0xfe, 0x0, 0x0, 0x0, 0x0, 0xff, 0x0,
    0x0, 0x0, 0x0, 0x3f, 0x80, 0x0, 0x0, 0x0,
    0xf, 0xc0, 0x0, 0x0, 0x0, 0x3, 0xe0, 0x0,
    0x0, 0x0, 0x0, 0xf0, 0x0, 0x0, 0x0, 0x0,
    0x38, 0x0, 0x0, 0x0, 0x0, 0x0,

    /* U+0072 "r" */
    0x0, 0x7f, 0xff, 0xff, 0x0, 0xf, 0xff, 0xff,
    0xf8, 0x1, 0xff, 0xff, 0xff, 0xc0, 0x3f, 0xff,
    0xff, 0xfe, 0x7, 0xff, 0xff, 0xff, 0xf0, 0x3f,
    0xff, 0xff, 0xfe, 0x11, 0xff, 0xff, 0xff, 0xc7,
    0x8f, 0xff, 0xff, 0xf8, 0xfc, 0x7f, 0xff, 0xff,
    0xf, 0xe0, 0x0, 0x0, 0x0, 0xff, 0x0, 0x0,
    0x0, 0xf, 0xf8, 0x0, 0x0, 0x0, 0xff, 0xc0,
    0x0, 0x0, 0xf, 0xfc, 0x0, 0x0, 0x0, 0xff,
    0xc0, 0x0, 0x0, 0xf, 0xfc, 0x0, 0x0, 0x0,
    0xff, 0xc0, 0x0, 0x0, 0xf, 0xfc, 0x0, 0x0,
    0x0, 0xff, 0xc0, 0x0, 0x0, 0xf, 0xfc, 0x0,
    0x0, 0x0, 0xff, 0xc0, 0x0, 0x0, 0xf, 0xfc,
    0x0, 0x0, 0x0, 0xff, 0xc0, 0x0, 0x0, 0xf,
    0xfc, 0x0, 0x0, 0x0, 0xff, 0xc0, 0x0, 0x0,
    0xf, 0xfc, 0x0, 0x0, 0x0, 0xff, 0x80, 0x0,
    0x0, 0xf, 0xf0, 0x0, 0x0, 0x0, 0xfe, 0x0,
    0x0, 0x0, 0xf, 0xc0, 0x0, 0x0, 0x0, 0xf8,
    0x0, 0x0, 0x0, 0xf, 0x0, 0x0, 0x0, 0x0,
    0xe0, 0x0, 0x0, 0x0, 0x0, 0x0, 0x0, 0x0,
    0x0,

    /* U+0073 "s" */
    0x0, 0x0, 0x0, 0x0, 0x0, 0x70, 0x0, 0x0,
    0x0, 0x0, 0x3c, 0x0, 0x0, 0x0, 0x0, 0x1f,
    0x0, 0x0, 0x0, 0x0, 0xf, 0xc0, 0x0, 0x0,
    0x0, 0x7, 0xf0, 0x0, 0x0, 0x0, 0x3, 0xfc,
    0x0, 0x0, 0x0, 0x1, 0xff, 0x0, 0x0, 0x0,
    0x0, 0xff, 0xc0, 0x0, 0x0, 0x0, 0x7f, 0xe0,
    0x0, 0x0, 0x0, 0x3f, 0xf0, 0x0, 0x0, 0x0,
    0x1f, 0xf8, 0x0, 0x0, 0x0, 0xf, 0xfc, 0x0,
    0x0, 0x0, 0x7, 0xfe, 0x0, 0x0, 0x0, 0x3,
    0xff, 0x0, 0x0, 0x0, 0x1, 0xff, 0x80, 0x0,
    0x0, 0x0, 0xff, 0xc0, 0x0, 0x0, 0x0, 0x7f,
    0xe0, 0x0, 0x0, 0x0, 0x3f, 0xf0, 0x0, 0x0,
    0x0, 0x1f, 0xf8, 0x0, 0x0, 0x0, 0xf, 0xfc,
    0x0, 0x0, 0x0, 0x7, 0xfe, 0x0, 0x0, 0x0,
    0x3, 0xfe, 0x0, 0x0, 0x0, 0x1, 0xfe, 0x0,
    0x0, 0x0, 0x0, 0xfe, 0x0, 0x0, 0x0, 0x0,
    0x7e, 0x3f, 0xff, 0xff, 0x80, 0x1e, 0x3f, 0xff,
    0xff, 0xe0, 0x0, 0x3f, 0xff, 0xff, 0xf8, 0x0,
    0x3f, 0xff, 0xff, 0xfe, 0x0, 0x3f, 0xff, 0xff,
    0xff, 0x80, 0xf, 0xff, 0xff, 0xff, 0x80, 0x3,
    0xff, 0xff, 0xff, 0x8c, 0x0, 0xff, 0xff, 0xff,
    0x8f, 0x0, 0x3f, 0xff, 0xff, 0x8f, 0xc0, 0x0,
    0x0, 0x0, 0xf, 0xe0, 0x0, 0x0, 0x0, 0xf,
    0xf0, 0x0, 0x0, 0x0, 0xf, 0xf8, 0x0, 0x0,
    0x0, 0xf, 0xfc, 0x0, 0x0, 0x0, 0x7, 0xfe,
    0x0, 0x0, 0x0, 0x3, 0xff, 0x0, 0x0, 0x0,
    0x1, 0xff, 0x80, 0x0, 0x0, 0x0, 0xff, 0xc0,
    0x0, 0x0, 0x0, 0x7f, 0xe0, 0x0, 0x0, 0x0,
    0x3f, 0xf0, 0x0, 0x0, 0x0, 0x1f, 0xf8, 0x0,
    0x0, 0x0, 0xf, 0xfc, 0x0, 0x0, 0x0, 0x7,
    0xfe, 0x0, 0x0, 0x0, 0x3, 0xff, 0x0, 0x0,
    0x0, 0x1, 0xff, 0x80, 0x0, 0x0, 0x0, 0xff,
    0xc0, 0x0, 0x0, 0x0, 0x7f, 0xe0, 0x0, 0x0,
    0x0, 0x1f, 0xf0, 0x0, 0x0, 0x0, 0x7, 0xf8,
    0x0, 0x0, 0x0, 0x1, 0xfc, 0x0, 0x0, 0x0,
    0x0, 0x7e, 0x0, 0x0, 0x0, 0x0, 0x1f, 0x0,
    0x0, 0x0, 0x0, 0x7, 0x80, 0x0, 0x0, 0x0,
    0x1, 0xc0, 0x0, 0x0, 0x0, 0x0, 0x0,

    /* U+0074 "t" */
    0x0, 0x0, 0x0, 0x0, 0x7, 0x0, 0x0, 0x0,
    0x0, 0x3c, 0x0, 0x0, 0x0, 0x1, 0xf0, 0x0,
    0x0, 0x0, 0xf, 0xc0, 0x0, 0x0, 0x0, 0x7f,
    0x0, 0x0, 0x0, 0x3, 0xfc, 0x0, 0x0, 0x0,
    0x1f, 0xf0, 0x0, 0x0, 0x0, 0xff, 0xc0, 0x0,
    0x0, 0x7, 0xfe, 0x0, 0x0, 0x0, 0x3f, 0xf0,
    0x0, 0x0, 0x1, 0xff, 0x80, 0x0, 0x0, 0xf,
    0xfc, 0x0, 0x0, 0x0, 0x7f, 0xe0, 0x0, 0x0,
    0x3, 0xff, 0x0, 0x0, 0x0, 0x1f, 0xf8, 0x0,
    0x0, 0x0, 0xff, 0xc0, 0x0, 0x0, 0x7, 0xfe,
    0x0, 0x0, 0x0, 0x3f, 0xf0, 0x0, 0x0, 0x1,
    0xff, 0x80, 0x0, 0x0, 0xf, 0xfc, 0x0, 0x0,
    0x0, 0x7f, 0xe0, 0x0, 0x0, 0x3, 0xfe, 0x0,
    0x0, 0x0, 0x1f, 0xe0, 0x0, 0x0, 0x0, 0xfe,
    0x0, 0x0, 0x0, 0x7, 0xe3, 0xff, 0xff, 0xf8,
    0x1e, 0x3f, 0xff, 0xff, 0xe0, 0x3, 0xff, 0xff,
    0xff, 0x80, 0x3f, 0xff, 0xff, 0xfe, 0x3, 0xff,
    0xff, 0xff, 0xf8, 0xf, 0xff, 0xff, 0xff, 0x82,
    0x3f, 0xff, 0xff, 0xf8, 0x78, 0xff, 0xff, 0xff,
    0x87, 0xe3, 0xff, 0xff, 0xf8, 0x3f, 0x80, 0x0,
    0x0, 0x1, 0xfe, 0x0, 0x0, 0x0, 0xf, 0xf8,
    0x0, 0x0, 0x0, 0x7f, 0xe0, 0x0, 0x0, 0x3,
    0xff, 0x0, 0x0, 0x0, 0x1f, 0xf8, 0x0, 0x0,
    0x0, 0xff, 0xc0, 0x0, 0x0, 0x7, 0xfe, 0x0,
    0x0, 0x0, 0x3f, 0xf0, 0x0, 0x0, 0x1, 0xff,
    0x80, 0x0, 0x0, 0xf, 0xfc, 0x0, 0x0, 0x0,
    0x7f, 0xe0, 0x0, 0x0, 0x3, 0xff, 0x0, 0x0,
    0x0, 0x1f, 0xf8, 0x0, 0x0, 0x0, 0xff, 0xc0,
    0x0, 0x0, 0x7, 0xfe, 0x0, 0x0, 0x0, 0x3f,
    0xf0, 0x0, 0x0, 0x1, 0xff, 0x80, 0x0, 0x0,
    0xf, 0xf8, 0x0, 0x0, 0x0, 0x7f, 0x8f, 0xff,
    0xfe, 0x3, 0xf8, 0xff, 0xff, 0xf8, 0x1f, 0x8f,
    0xff, 0xff, 0xe0, 0xf0, 0xff, 0xff, 0xff, 0x87,
    0xf, 0xff, 0xff, 0xfe, 0x11, 0xff, 0xff, 0xff,
    0xf8, 0x1f, 0xff, 0xff, 0xff, 0xf0, 0xff, 0xff,
    0xff, 0xff, 0x83, 0xff, 0xff, 0xff, 0xf8,

    /* U+0075 "u" */
    0x30, 0x0, 0x0, 0x0, 0x6, 0x3c, 0x0, 0x0,
    0x0, 0x7, 0xbf, 0x0, 0x0, 0x0, 0x7, 0xff,
    0xc0, 0x0, 0x0, 0x7, 0xff, 0xf0, 0x0, 0x0,
    0x7, 0xff, 0xfc, 0x0, 0x0, 0x7, 0xff, 0xff,
    0x0, 0x0, 0x7, 0xff, 0xff, 0x80, 0x0, 0x3,
    0xff, 0xff, 0xc0, 0x0, 0x1, 0xff, 0xff, 0xe0,
    0x0, 0x0, 0xff, 0xff, 0xf0, 0x0, 0x0, 0x7f,
    0xff, 0xf8, 0x0, 0x0, 0x3f, 0xff, 0xfc, 0x0,
    0x0, 0x1f, 0xff, 0xfe, 0x0, 0x0, 0xf, 0xff,
    0xff, 0x0, 0x0, 0x7, 0xff, 0xff, 0x80, 0x0,
    0x3, 0xff, 0xff, 0xc0, 0x0, 0x1, 0xff, 0xff,
    0xe0, 0x0, 0x0, 0xff, 0xff, 0xf0, 0x0, 0x0,
    0x7f, 0xff, 0xf8, 0x0, 0x0, 0x3f, 0xff, 0xf8,
    0x0, 0x0, 0xf, 0xff, 0xf8, 0xff, 0xff, 0xe3,
    0xff, 0xf8, 0xff, 0xff, 0xf8, 0xff, 0xf8, 0xff,
    0xff, 0xfe, 0x3f, 0xf0, 0xff, 0xff, 0xff, 0x8f,
    0xf0, 0xff, 0xff, 0xff, 0xe1, 0xd1, 0xff, 0xff,
    0xff, 0xf8, 0x41, 0xff, 0xff, 0xff, 0xff, 0x0,
    0xff, 0xff, 0xff, 0xff, 0x80, 0x3f, 0xff, 0xff,
    0xff, 0x80,

    /* U+0076 "v" */
    0x0, 0x0, 0x0, 0x0, 0x0, 0x30, 0x0, 0x0,
    0x0, 0x1, 0xbc, 0x0, 0x0, 0x0, 0x1, 0xff,
    0x0, 0x0, 0x0, 0x1, 0xff, 0xc0, 0x0, 0x0,
    0x1, 0xff, 0xf0, 0x0, 0x0, 0x1, 0xff, 0xfc,
    0x0, 0x0, 0x1, 0xff, 0xff, 0x0, 0x0, 0x1,
    0xff, 0xff, 0xc0, 0x0, 0x1, 0xff, 0xff, 0xe0,
    0x0, 0x0, 0xff, 0xff, 0xf0, 0x0, 0x0, 0x7f,
    0xff, 0xf8, 0x0, 0x0, 0x3f, 0xff, 0xfc, 0x0,
    0x0, 0x1f, 0xff, 0xfe, 0x0, 0x0, 0xf, 0xff,
    0xff, 0x0, 0x0, 0x7, 0xff, 0xff, 0x80, 0x0,
    0x3, 0xff, 0xff, 0xc0, 0x0, 0x1, 0xff, 0xff,
    0xe0, 0x0, 0x0, 0xff, 0xff, 0xf0, 0x0, 0x0,
    0x7f, 0xff, 0xf8, 0x0, 0x0, 0x3f, 0xff, 0xfc,
    0x0, 0x0, 0x1f, 0xff, 0xfe, 0x0, 0x0, 0xf,
    0xff, 0xfe, 0x0, 0x0, 0x3, 0xff, 0xfe, 0x0,
    0x0, 0x0, 0xff, 0xfe, 0x0, 0x0, 0x0, 0x3f,
    0xfe, 0x0, 0x0, 0x0, 0xf, 0xde, 0x0, 0x0,
    0x0, 0x3, 0xc6, 0x0, 0x0, 0x0, 0x0, 0xc0,
    0x0, 0x0, 0x0, 0x0, 0x0, 0x0, 0x0, 0x0,
    0x0, 0x0, 0x0, 0x0, 0x0, 0x0, 0x0, 0x0,
    0x0, 0x0, 0x0, 0x0, 0x0, 0x0, 0x0, 0x0,
    0x0, 0x0, 0x0, 0x0, 0x0, 0x0, 0x0, 0x0,
    0x0, 0x0, 0x0, 0x0, 0x0, 0x0, 0x0, 0x0,
    0x0, 0x0, 0x0, 0x0, 0x0, 0x0, 0x0, 0x0,
    0x0, 0x0, 0x0, 0x0, 0x0, 0x0, 0x0, 0x0,
    0x0, 0x0, 0x0, 0x0, 0x0, 0x0, 0x0, 0x0,
    0x0, 0x0, 0x0, 0x0, 0x0, 0x0, 0x0, 0x0,
    0x0, 0x0, 0x0, 0x0, 0x0, 0x0, 0x0, 0x0,
    0x0, 0x0, 0x0, 0x0, 0x0, 0x0, 0x0, 0x0,
    0x0, 0x0, 0x0, 0x0, 0x0, 0x0, 0x0, 0x0,
    0x0, 0x0, 0x0, 0x0, 0x0, 0x0, 0x0, 0x0,
    0x0, 0x0, 0x0, 0x0, 0x0, 0x0, 0x0, 0x0,
    0x0, 0x0, 0x0, 0x0, 0x0, 0x0, 0x0, 0x0,
    0x0, 0x0, 0x0, 0x0, 0x0, 0x0, 0x0, 0x0,
    0x0, 0xff, 0xff, 0xe0, 0x0, 0x0, 0xff, 0xff,
    0xf8, 0x0, 0x0, 0xff, 0xff, 0xfe, 0x0, 0x0,
    0xff, 0xff, 0xff, 0x80, 0x0, 0xff, 0xff, 0xff,
    0xe0, 0x1, 0xff, 0xff, 0xff, 0xf8, 0x1, 0xff,
    0xff, 0xff, 0xff, 0x0, 0xff, 0xff, 0xff, 0xff,
    0x80, 0x3f, 0xff, 0xff, 0xff, 0x80,

    /* U+0077 "w" */
    0x0, 0x0, 0x0, 0x0, 0x1, 0x70, 0x0, 0x0,
    0x0, 0x1, 0xfc, 0x0, 0x0, 0x0, 0x1, 0xff,
    0x0, 0x0, 0x0, 0x1, 0xff, 0xc0, 0x0, 0x0,
    0x1, 0xff, 0xf0, 0x0, 0x0, 0x1, 0xff, 0xfc,
    0x0, 0x0, 0x1, 0xff, 0xff, 0x0, 0x0, 0x1,
    0xff, 0xff, 0xc0, 0x0, 0x1, 0xff, 0xff, 0xe0,
    0x0, 0x0, 0xff, 0xff, 0xf0, 0x0, 0x0, 0x7f,
    0xff, 0xf8, 0x0, 0x0, 0x3f, 0xff, 0xfc, 0x0,
    0x0, 0x1f, 0xff, 0xfe, 0x0, 0x0, 0xf, 0xff,
    0xff, 0x0, 0x0, 0x7, 0xff, 0xff, 0x80, 0x0,
    0x3, 0xff, 0xff, 0xc0, 0x0, 0x1, 0xff, 0xff,
    0xe0, 0x0, 0x0, 0xff, 0xff, 0xf0, 0x0, 0x0,
    0x7f, 0xff, 0xf8, 0x0, 0x0, 0x3f, 0xff, 0xfc,
    0x0, 0x0, 0x1f, 0xff, 0xfe, 0x0, 0x0, 0xf,
    0xff, 0xfe, 0x0, 0x0, 0x3, 0xff, 0xfe, 0x0,
    0x0, 0x0, 0xff, 0xfe, 0x0, 0x0, 0x0, 0x3f,
    0xfe, 0x3f, 0xff, 0xff, 0x8f, 0xde, 0x3f, 0xff,
    0xff, 0xe3, 0x80, 0x3f, 0xff, 0xff, 0xf8, 0x80,
    0x3f, 0xff, 0xff, 0xfe, 0x0, 0x3f, 0xff, 0xff,
    0xff, 0x80, 0xf, 0xff, 0xff, 0xff, 0x80, 0x23,
    0xff, 0xff, 0xff, 0x8c, 0x78, 0xff, 0xff, 0xff,
    0x8f, 0x7e, 0x3f, 0xff, 0xff, 0x8f, 0xff, 0x80,
    0x0, 0x0, 0xf, 0xff, 0xe0, 0x0, 0x0, 0xf,
    0xff, 0xf8, 0x0, 0x0, 0xf, 0xff, 0xfe, 0x0,
    0x0, 0xf, 0xff, 0xff, 0x0, 0x0, 0x7, 0xff,
    0xff, 0x80, 0x0, 0x3, 0xff, 0xff, 0xc0, 0x0,
    0x1, 0xff, 0xff, 0xe0, 0x0, 0x0, 0xff, 0xff,
    0xf0, 0x0, 0x0, 0x7f, 0xff, 0xf8, 0x0, 0x0,
    0x3f, 0xff, 0xfc, 0x0, 0x0, 0x1f, 0xff, 0xfe,
    0x0, 0x0, 0xf, 0xff, 0xff, 0x0, 0x0, 0x7,
    0xff, 0xff, 0x80, 0x0, 0x3, 0xff, 0xff, 0xc0,
    0x0, 0x1, 0xff, 0xff, 0xe0, 0x0, 0x0, 0xff,
    0xff, 0xf0, 0x0, 0x0, 0x7f, 0xff, 0xf8, 0x0,
    0x0, 0x3f, 0xff, 0xf8, 0x0, 0x0, 0xf, 0xff,
    0xf8, 0xff, 0xff, 0xe3, 0xff, 0xf8, 0xff, 0xff,
    0xf8, 0xff, 0xf8, 0xff, 0xff, 0xfe, 0x3f, 0xf0,
    0xff, 0xff, 0xff, 0x87, 0xf0, 0xff, 0xff, 0xff,
    0xe1, 0xd1, 0xff, 0xff, 0xff, 0xf8, 0x41, 0xff,
    0xff, 0xff, 0xff, 0x0, 0xff, 0xff, 0xff, 0xff,
    0x80, 0x3f, 0xff, 0xff, 0xff, 0x80,

    /* U+0078 "x" */
    0x3f, 0xff, 0xff, 0xff, 0xbf, 0xff, 0xff, 0xff,
    0xf7, 0xff, 0xff, 0xff, 0xf8, 0xff, 0xff, 0xff,
    0xfc, 0x1f, 0xff, 0xff, 0xfe, 0x3, 0xff, 0xff,
    0xff, 0x0, 0x3f, 0xff, 0xff, 0x80, 0x7, 0xff,
    0xff, 0xc0, 0x0, 0xff, 0xff, 0xe0, 0x0, 0x0,
    0x0, 0x0, 0x0, 0x0, 0x0, 0x0, 0x0, 0x0,
    0x0, 0x0, 0x0, 0x0, 0x0, 0x0, 0x0, 0x0,
    0x0, 0x0, 0x0, 0x0, 0x0, 0x0, 0x0, 0x0,
    0x0, 0x0, 0x0, 0x0, 0x0, 0x0, 0x0, 0x0,
    0x0, 0x0, 0x0, 0x0, 0x0, 0x0, 0x0, 0x0,
    0x0, 0x0, 0x0, 0x0, 0x0, 0x0, 0x0, 0x0,
    0x0, 0x0, 0x0, 0x0, 0x0, 0x0, 0x0, 0x0,
    0x0, 0x0, 0x0, 0x0, 0x0, 0x0, 0x0, 0x0,
    0x0, 0x0, 0x0, 0x0, 0x0, 0x0, 0x0, 0x0,
    0x0, 0x0, 0x0, 0x0, 0x0, 0x0, 0x0, 0x3,
    0xff, 0xff, 0xf8, 0x1, 0xff, 0xff, 0xff, 0x0,
    0xff, 0xff, 0xff, 0xe0, 0x7f, 0xff, 0xff, 0xfc,
    0x3f, 0xff, 0xff, 0xff, 0x87, 0xff, 0xff, 0xff,
    0xc0, 0xff, 0xff, 0xff, 0xe0, 0x1f, 0xff, 0xff,
    0xf0, 0x3, 0xff, 0xff, 0xf8, 0x0, 0x0, 0x0,
    0x0, 0x0, 0x0, 0x0, 0x0, 0x0, 0x0, 0x0,
    0x0, 0x0, 0x0, 0x0, 0x0, 0x0, 0x0, 0x0,
    0x0, 0x0, 0x0, 0x0, 0x0, 0x0, 0x0, 0x0,
    0x0, 0x0, 0x0, 0x0, 0x0, 0x0, 0x0, 0x0,
    0x0, 0x0, 0x0, 0x0, 0x0, 0x0, 0x0, 0x0,
    0x0, 0x0, 0x0, 0x0, 0x0, 0x0, 0x0, 0x0,
    0x0, 0x0, 0x0, 0x0, 0x0, 0x0, 0x0, 0x0,
    0x0, 0x0, 0x0, 0x0, 0x0, 0x0, 0x0, 0x0,
    0x0, 0x0, 0x0, 0x0, 0x0, 0x0, 0x0, 0x0,
    0x0, 0x0, 0x0, 0x0, 0x0, 0x0, 0x0, 0xff,
    0xff, 0xe0, 0x0, 0x7f, 0xff, 0xfc, 0x0, 0x3f,
    0xff, 0xff, 0x80, 0x3f, 0xff, 0xff, 0xf0, 0x1f,
    0xff, 0xff, 0xfe, 0xf, 0xff, 0xff, 0xff, 0xc7,
    0xff, 0xff, 0xff, 0xfb, 0xff, 0xff, 0xff, 0xff,
    0x7f, 0xff, 0xff, 0xff, 0x80,

    /* U+0079 "y" */
    0x0, 0x0, 0x0, 0x0, 0x1, 0x70, 0x0, 0x0,
    0x0, 0x1, 0xfc, 0x0, 0x0, 0x0, 0x1, 0xff,
    0x0, 0x0, 0x0, 0x1, 0xff, 0xc0, 0x0, 0x0,
    0x1, 0xff, 0xf0, 0x0, 0x0, 0x1, 0xff, 0xfc,
    0x0, 0x0, 0x1, 0xff, 0xff, 0x0, 0x0, 0x1,
    0xff, 0xff, 0xc0, 0x0, 0x1, 0xff, 0xff, 0xe0,
    0x0, 0x0, 0xff, 0xff, 0xf0, 0x0, 0x0, 0x7f,
    0xff, 0xf8, 0x0, 0x0, 0x3f, 0xff, 0xfc, 0x0,
    0x0, 0x1f, 0xff, 0xfe, 0x0, 0x0, 0xf, 0xff,
    0xff, 0x0, 0x0, 0x7, 0xff, 0xff, 0x80, 0x0,
    0x3, 0xff, 0xff, 0xc0, 0x0, 0x1, 0xff, 0xff,
    0xe0, 0x0, 0x0, 0xff, 0xff, 0xf0, 0x0, 0x0,
    0x7f, 0xff, 0xf8, 0x0, 0x0, 0x3f, 0xff, 0xfc,
    0x0, 0x0, 0x1f, 0xff, 0xfe, 0x0, 0x0, 0xf,
    0xff, 0xfe, 0x0, 0x0, 0x3, 0xff, 0xfe, 0x0,
    0x0, 0x0, 0xff, 0xfe, 0x0, 0x0, 0x0, 0x3f,
    0xfe, 0x3f, 0xff, 0xff, 0x8f, 0xde, 0x3f, 0xff,
    0xff, 0xe3, 0x80, 0x3f, 0xff, 0xff, 0xf8, 0x80,
    0x3f, 0xff, 0xff, 0xfe, 0x0, 0x3f, 0xff, 0xff,
    0xff, 0x80, 0xf, 0xff, 0xff, 0xff, 0x80, 0x3,
    0xff, 0xff, 0xff, 0x8c, 0x0, 0xff, 0xff, 0xff,
    0x8f, 0x0, 0x3f, 0xff, 0xff, 0x8f, 0xc0, 0x0,
    0x0, 0x0, 0xf, 0xe0, 0x0, 0x0, 0x0, 0xf,
    0xf0, 0x0, 0x0, 0x0, 0xf, 0xf8, 0x0, 0x0,
    0x0, 0xf, 0xfc, 0x0, 0x0, 0x0, 0x7, 0xfe,
    0x0, 0x0, 0x0, 0x3, 0xff, 0x0, 0x0, 0x0,
    0x1, 0xff, 0x80, 0x0, 0x0, 0x0, 0xff, 0xc0,
    0x0, 0x0, 0x0, 0x7f, 0xe0, 0x0, 0x0, 0x0,
    0x3f, 0xf0, 0x0, 0x0, 0x0, 0x1f, 0xf8, 0x0,
    0x0, 0x0, 0xf, 0xfc, 0x0, 0x0, 0x0, 0x7,
    0xfe, 0x0, 0x0, 0x0, 0x3, 0xff, 0x0, 0x0,
    0x0, 0x1, 0xff, 0x80, 0x0, 0x0, 0x0, 0xff,
    0xc0, 0x0, 0x0, 0x0, 0x7f, 0xe0, 0x0, 0x0,
    0x0, 0x3f, 0xf0, 0x0, 0x0, 0x0, 0xf, 0xf8,
    0x0, 0xff, 0xff, 0xe3, 0xfc, 0x0, 0xff, 0xff,
    0xf8, 0xfe, 0x0, 0xff, 0xff, 0xfe, 0x3f, 0x0,
    0xff, 0xff, 0xff, 0x87, 0x80, 0xff, 0xff, 0xff,
    0xe1, 0xc1, 0xff, 0xff, 0xff, 0xf8, 0x41, 0xff,
    0xff, 0xff, 0xff, 0x0, 0xff, 0xff, 0xff, 0xff,
    0x80, 0x3f, 0xff, 0xff, 0xff, 0x80,

    /* U+007A "z" */
    0x7, 0xff, 0xff, 0xff, 0xf0, 0x7, 0xff, 0xff,
    0xff, 0xfc, 0x3, 0xff, 0xff, 0xff, 0xfe, 0x0,
    0xff, 0xff, 0xff, 0xfe, 0x20, 0x1f, 0xff, 0xff,
    0xfc, 0x38, 0x7, 0xff, 0xff, 0xfc, 0x7c, 0x1,
    0xff, 0xff, 0xfc, 0x7e, 0x0, 0x7f, 0xff, 0xfc,
    0x7f, 0x0, 0x1f, 0xff, 0xfc, 0x7f, 0x80, 0x0,
    0x0, 0x0, 0x7f, 0xc0, 0x0, 0x0, 0x0, 0x7f,
    0xe0, 0x0, 0x0, 0x0, 0x3f, 0xf0, 0x0, 0x0,
    0x0, 0x1f, 0xf8, 0x0, 0x0, 0x0, 0xf, 0xfc,
    0x0, 0x0, 0x0, 0x7, 0xfe, 0x0, 0x0, 0x0,
    0x3, 0xff, 0x0, 0x0, 0x0, 0x1, 0xff, 0x80,
    0x0, 0x0, 0x0, 0xff, 0xc0, 0x0, 0x0, 0x0,
    0x7f, 0xe0, 0x0, 0x0, 0x0, 0x3f, 0xf0, 0x0,
    0x0, 0x0, 0x1f, 0xf8, 0x0, 0x0, 0x0, 0xf,
    0xfc, 0x0, 0x0, 0x0, 0x7, 0xfe, 0x0, 0x0,
    0x0, 0x3, 0xff, 0x0, 0x0, 0x0, 0x1, 0xff,
    0x80, 0x0, 0x0, 0x0, 0x7f, 0xc0, 0x0, 0x0,
    0x0, 0x1f, 0xe0, 0x0, 0x0, 0x0, 0x7, 0xf0,
    0x7, 0xff, 0xff, 0xf1, 0xf8, 0x7, 0xff, 0xff,
    0xfc, 0x70, 0x7, 0xff, 0xff, 0xff, 0x10, 0x7,
    0xff, 0xff, 0xff, 0xc0, 0x7, 0xff, 0xff, 0xff,
    0xf0, 0x1, 0xff, 0xff, 0xff, 0xf0, 0x4, 0x7f,
    0xff, 0xff, 0xf0, 0xf, 0x1f, 0xff, 0xff, 0xf0,
    0xf, 0xc7, 0xff, 0xff, 0xf0, 0x7, 0xf0, 0x0,
    0x0, 0x0, 0x3, 0xfc, 0x0, 0x0, 0x0, 0x1,
    0xff, 0x0, 0x0, 0x0, 0x0, 0xff, 0xc0, 0x0,
    0x0, 0x0, 0x7f, 0xe0, 0x0, 0x0, 0x0, 0x3f,
    0xf0, 0x0, 0x0, 0x0, 0x1f, 0xf8, 0x0, 0x0,
    0x0, 0xf, 0xfc, 0x0, 0x0, 0x0, 0x7, 0xfe,
    0x0, 0x0, 0x0, 0x3, 0xff, 0x0, 0x0, 0x0,
    0x1, 0xff, 0x80, 0x0, 0x0, 0x0, 0xff, 0xc0,
    0x0, 0x0, 0x0, 0x7f, 0xe0, 0x0, 0x0, 0x0,
    0x3f, 0xf0, 0x0, 0x0, 0x0, 0x1f, 0xf8, 0x0,
    0x0, 0x0, 0xf, 0xfc, 0x0, 0x0, 0x0, 0x7,
    0xfe, 0x0, 0x0, 0x0, 0x3, 0xff, 0x0, 0x0,
    0x0, 0x1, 0xff, 0x0, 0x0, 0x0, 0x0, 0xff,
    0x1f, 0xff, 0xfc, 0x0, 0x7f, 0x1f, 0xff, 0xff,
    0x0, 0x3f, 0x1f, 0xff, 0xff, 0xc0, 0x1e, 0x1f,
    0xff, 0xff, 0xf0, 0xe, 0x1f, 0xff, 0xff, 0xfc,
    0x2, 0x3f, 0xff, 0xff, 0xff, 0x0, 0x3f, 0xff,
    0xff, 0xff, 0xe0, 0x1f, 0xff, 0xff, 0xff, 0xf0,
    0x7, 0xff, 0xff, 0xff, 0xf0, 0x0,

    /* U+007B "{" */
    0x7, 0xff, 0xff, 0xff, 0xf0, 0xf, 0xff, 0xff,
    0xff, 0xfc, 0x3, 0xff, 0xff, 0xff, 0xfe, 0x8,
    0xff, 0xff, 0xff, 0xfe, 0x2e, 0x3f, 0xff, 0xff,
    0xfc, 0x3f, 0xc7, 0xff, 0xff, 0xfc, 0x7f, 0xf1,
    0xff, 0xff, 0xfc, 0x7f, 0xfc, 0x7f, 0xff, 0xfc,
    0x7f, 0xff, 0x1f, 0xff, 0xfc, 0x7f, 0xff, 0xc0,
    0x0, 0x0, 0x7f, 0xff, 0xf0, 0x0, 0x0, 0x7f,
    0xff, 0xf8, 0x0, 0x0, 0x3f, 0xff, 0xfc, 0x0,
    0x0, 0x1f, 0xff, 0xfe, 0x0, 0x0, 0xf, 0xff,
    0xff, 0x0, 0x0, 0x7, 0xfe, 0x0, 0x0, 0x0,
    0x3, 0xff, 0x0, 0x0, 0x0, 0x1, 0xff, 0x80,
    0x0, 0x0, 0x0, 0xff, 0xc0, 0x0, 0x0, 0x0,
    0x7f, 0xe0, 0x0, 0x0, 0x0, 0x3f, 0xf0, 0x0,
    0x0, 0x0, 0x1f, 0xf8, 0x0, 0x0, 0x0, 0xf,
    0xfc, 0x0, 0x0, 0x0, 0x7, 0xfe, 0x0, 0x0,
    0x0, 0x3, 0xff, 0x0, 0x0, 0x0, 0x1, 0xff,
    0x80, 0x0, 0x0, 0x0, 0x7f, 0xc0, 0x0, 0x0,
    0x0, 0x1f, 0xe0, 0x0, 0x0, 0x0, 0x7, 0xf0,
    0x7, 0xff, 0xff, 0xf1, 0xf8, 0x7, 0xff, 0xff,
    0xfc, 0x70, 0x7, 0xff, 0xff, 0xff, 0x10, 0x7,
    0xff, 0xff, 0xff, 0xc0, 0x7, 0xff, 0xff, 0xff,
    0xf0, 0x1, 0xff, 0xff, 0xff, 0xf0, 0x0, 0x7f,
    0xff, 0xff, 0xf0, 0x0, 0x1f, 0xff, 0xff, 0xf0,
    0x0, 0x7, 0xff, 0xff, 0xf0, 0x0, 0x0, 0x0,
    0x0, 0x0, 0x0, 0x0, 0x0, 0x0, 0x0, 0x0,
    0x0, 0x0, 0x0, 0x0, 0x0, 0x0, 0x0, 0x0,
    0x0, 0x0, 0x0, 0x0, 0x0, 0x0, 0x0, 0x0,
    0x0, 0x0, 0x0, 0x0, 0x0, 0x0, 0x0, 0x0,
    0x0, 0x0, 0x0, 0x0, 0x0, 0x0, 0x0, 0x0,
    0x0, 0x0, 0x0, 0x0, 0x0, 0x0, 0x0, 0x0,
    0x0, 0x0, 0x0, 0x0, 0x0, 0x0, 0x0, 0x0,
    0x0, 0x0, 0x0, 0x0, 0x0, 0x0, 0x0, 0x0,
    0x0, 0x0, 0x0, 0x0, 0x0, 0x0, 0x0, 0x0,
    0x0, 0x0, 0x0, 0x0, 0x0, 0x0, 0x0, 0x0,
    0x0, 0x0, 0x0, 0x0, 0x0, 0x0, 0x0, 0x0,
    0x0, 0x0, 0x0, 0x0, 0x0, 0x0, 0x0, 0x0,
    0x1f, 0xff, 0xfc, 0x0, 0x0, 0x1f, 0xff, 0xff,
    0x0, 0x0, 0x1f, 0xff, 0xff, 0xc0, 0x0, 0x1f,
    0xff, 0xff, 0xf0, 0x0, 0x3f, 0xff, 0xff, 0xfc,
    0x0, 0x3f, 0xff, 0xff, 0xff, 0x0, 0x3f, 0xff,
    0xff, 0xff, 0xe0, 0x3f, 0xff, 0xff, 0xff, 0xf0,
    0xf, 0xff, 0xff, 0xff, 0xf0, 0x0,

    /* U+007C "|" */
    0x7, 0xff, 0xff, 0xff, 0xf0, 0xf, 0xff, 0xff,
    0xff, 0xfc, 0x3, 0xff, 0xff, 0xff, 0xfe, 0x8,
    0xff, 0xff, 0xff, 0xfe, 0x2e, 0x3f, 0xff, 0xff,
    0xfc, 0x3f, 0xc7, 0xff, 0xff, 0xfc, 0x7f, 0xf1,
    0xff, 0xff, 0xfc, 0x7f, 0xfc, 0x7f, 0xff, 0xfc,
    0x7f, 0xff, 0x1f, 0xff, 0xfc, 0x7f, 0xff, 0xc0,
    0x0, 0x0, 0x7f, 0xff, 0xf0, 0x0, 0x0, 0x7f,
    0xff, 0xf8, 0x0, 0x0, 0x3f, 0xff, 0xfc, 0x0,
    0x0, 0x1f, 0xff, 0xfe, 0x0, 0x0, 0xf, 0xff,
    0xff, 0x0, 0x0, 0x7, 0xfe, 0x0, 0x0, 0x0,
    0x3, 0xff, 0x0, 0x0, 0x0, 0x1, 0xff, 0x80,
    0x0, 0x0, 0x0, 0xff, 0xc0, 0x0, 0x0, 0x0,
    0x7f, 0xe0, 0x0, 0x0, 0x0, 0x3f, 0xf0, 0x0,
    0x0, 0x0, 0x1f, 0xf8, 0x0, 0x0, 0x0, 0xf,
    0xfc, 0x0, 0x0, 0x0, 0x7, 0xfe, 0x0, 0x0,
    0x0, 0x3, 0xff, 0x0, 0x0, 0x0, 0x1, 0xff,
    0x80, 0x0, 0x0, 0x0, 0x7f, 0xc0, 0x0, 0x0,
    0x0, 0x1f, 0xe0, 0x0, 0x0, 0x0, 0x7, 0xf0,
    0x7, 0xff, 0xff, 0xf1, 0xf8, 0x7, 0xff, 0xff,
    0xfc, 0x70, 0x7, 0xff, 0xff, 0xff, 0x10, 0x7,
    0xff, 0xff, 0xff, 0xc0, 0x7, 0xff, 0xff, 0xff,
    0xf0, 0x1, 0xff, 0xff, 0xff, 0xf0, 0x0, 0x7f,
    0xff, 0xff, 0xf0, 0x0, 0x1f, 0xff, 0xff, 0xf0,
    0x0, 0x7, 0xff, 0xff, 0xf0, 0x0, 0x0, 0x0,
    0x0, 0x0, 0x0, 0x0, 0x0, 0x0, 0x0, 0x0,
    0x0, 0x0, 0x0, 0x0, 0x0, 0x0, 0x0, 0x0,
    0x0, 0x0, 0x0, 0x0, 0x0, 0x0, 0x0, 0x0,
    0x0, 0x0, 0x0, 0x0, 0x0, 0x0, 0x0, 0x0,
    0x0, 0x0, 0x0, 0x0, 0x0, 0x0, 0x0, 0x0,
    0x0, 0x0, 0x0, 0x0, 0x0, 0x0, 0x0, 0x0,
    0x0, 0x0, 0x0, 0x0, 0x0, 0x0, 0x0, 0x0,
    0x0, 0x0, 0x0, 0x0, 0x0, 0x0, 0x0, 0x0,
    0x0, 0x0, 0x0, 0x0, 0x0, 0x0, 0x0, 0x0,
    0x0, 0x0, 0x0, 0x0, 0x0, 0x0, 0x0, 0x0,
    0x0, 0x0, 0x0, 0x0, 0x0, 0x0, 0x0, 0x0,
    0x0, 0x0, 0x0, 0x0, 0x0, 0x0, 0x0, 0x0,
    0x1f, 0xff, 0xfc, 0x0, 0x0, 0x1f, 0xff, 0xff,
    0x0, 0x0, 0x1f, 0xff, 0xff, 0xc0, 0x0, 0x1f,
    0xff, 0xff, 0xf0, 0x0, 0x3f, 0xff, 0xff, 0xfc,
    0x0, 0x3f, 0xff, 0xff, 0xff, 0x0, 0x3f, 0xff,
    0xff, 0xff, 0xe0, 0x3f, 0xff, 0xff, 0xff, 0xf0,
    0xf, 0xff, 0xff, 0xff, 0xf0, 0x0,

    /* U+007D "}" */
    0x7, 0xff, 0xff, 0xff, 0xf0, 0xf, 0xff, 0xff,
    0xff, 0xfc, 0x3, 0xff, 0xff, 0xff, 0xfe, 0x8,
    0xff, 0xff, 0xff, 0xfe, 0x2e, 0x3f, 0xff, 0xff,
    0xfc, 0x3f, 0xc7, 0xff, 0xff, 0xfc, 0x7f, 0xf1,
    0xff, 0xff, 0xfc, 0x7f, 0xfc, 0x7f, 0xff, 0xfc,
    0x7f, 0xff, 0x1f, 0xff, 0xfc, 0x7f, 0xff, 0xc0,
    0x0, 0x0, 0x7f, 0xff, 0xf0, 0x0, 0x0, 0x7f,
    0xff, 0xf8, 0x0, 0x0, 0x3f, 0xff, 0xfc, 0x0,
    0x0, 0x1f, 0xff, 0xfe, 0x0, 0x0, 0xf, 0xff,
    0xff, 0x0, 0x0, 0x7, 0xfe, 0x0, 0x0, 0x0,
    0x3, 0xff, 0x0, 0x0, 0x0, 0x1, 0xff, 0x80,
    0x0, 0x0, 0x0, 0xff, 0xc0, 0x0, 0x0, 0x0,
    0x7f, 0xe0, 0x0, 0x0, 0x0, 0x3f, 0xf0, 0x0,
    0x0, 0x0, 0x1f, 0xf8, 0x0, 0x0, 0x0, 0xf,
    0xfc, 0x0, 0x0, 0x0, 0x7, 0xfe, 0x0, 0x0,
    0x0, 0x3, 0xff, 0x0, 0x0, 0x0, 0x1, 0xff,
    0x80, 0x0, 0x0, 0x0, 0x7f, 0xc0, 0x0, 0x0,
    0x0, 0x1f, 0xe0, 0x0, 0x0, 0x0, 0x7, 0xf0,
    0x7, 0xff, 0xff, 0xf1, 0xf8, 0x7, 0xff, 0xff,
    0xfc, 0x70, 0x7, 0xff, 0xff, 0xff, 0x10, 0x7,
    0xff, 0xff, 0xff, 0xc0, 0x7, 0xff, 0xff, 0xff,
    0xf0, 0x1, 0xff, 0xff, 0xff, 0xf0, 0x0, 0x7f,
    0xff, 0xff, 0xf0, 0x0, 0x1f, 0xff, 0xff, 0xf0,
    0x0, 0x7, 0xff, 0xff, 0xf0, 0x0, 0x0, 0x0,
    0x0, 0x0, 0x0, 0x0, 0x0, 0x0, 0x0, 0x0,
    0x0, 0x0, 0x0, 0x0, 0x0, 0x0, 0x0, 0x0,
    0x0, 0x0, 0x0, 0x0, 0x0, 0x0, 0x0, 0x0,
    0x0, 0x0, 0x0, 0x0, 0x0, 0x0, 0x0, 0x0,
    0x0, 0x0, 0x0, 0x0, 0x0, 0x0, 0x0, 0x0,
    0x0, 0x0, 0x0, 0x0, 0x0, 0x0, 0x0, 0x0,
    0x0, 0x0, 0x0, 0x0, 0x0, 0x0, 0x0, 0x0,
    0x0, 0x0, 0x0, 0x0, 0x0, 0x0, 0x0, 0x0,
    0x0, 0x0, 0x0, 0x0, 0x0, 0x0, 0x0, 0x0,
    0x0, 0x0, 0x0, 0x0, 0x0, 0x0, 0x0, 0x0,
    0x0, 0x0, 0x0, 0x0, 0x0, 0x0, 0x0, 0x0,
    0x0, 0x0, 0x0, 0x0, 0x0, 0x0, 0x0, 0x0,
    0x1f, 0xff, 0xfc, 0x0, 0x0, 0x1f, 0xff, 0xff,
    0x0, 0x0, 0x1f, 0xff, 0xff, 0xc0, 0x0, 0x1f,
    0xff, 0xff, 0xf0, 0x0, 0x3f, 0xff, 0xff, 0xfc,
    0x0, 0x3f, 0xff, 0xff, 0xff, 0x0, 0x3f, 0xff,
    0xff, 0xff, 0xe0, 0x3f, 0xff, 0xff, 0xff, 0xf0,
    0xf, 0xff, 0xff, 0xff, 0xf0, 0x0,

    /* U+007E "~" */
    0x7, 0xff, 0xff, 0xff, 0xf0, 0xf, 0xff, 0xff,
    0xff, 0xfc, 0x3, 0xff, 0xff, 0xff, 0xfe, 0x8,
    0xff, 0xff, 0xff, 0xfe, 0x2e, 0x3f, 0xff, 0xff,
    0xfc, 0x3f, 0xc7, 0xff, 0xff, 0xfc, 0x7f, 0xf1,
    0xff, 0xff, 0xfc, 0x7f, 0xfc, 0x7f, 0xff, 0xfc,
    0x7f, 0xff, 0x1f, 0xff, 0xfc, 0x7f, 0xff, 0xc0,
    0x0, 0x0, 0x7f, 0xff, 0xf0, 0x0, 0x0, 0x7f,
    0xff, 0xf8, 0x0, 0x0, 0x3f, 0xff, 0xfc, 0x0,
    0x0, 0x1f, 0xff, 0xfe, 0x0, 0x0, 0xf, 0xff,
    0xff, 0x0, 0x0, 0x7, 0xfe, 0x0, 0x0, 0x0,
    0x3, 0xff, 0x0, 0x0, 0x0, 0x1, 0xff, 0x80,
    0x0, 0x0, 0x0, 0xff, 0xc0, 0x0, 0x0, 0x0,
    0x7f, 0xe0, 0x0, 0x0, 0x0, 0x3f, 0xf0, 0x0,
    0x0, 0x0, 0x1f, 0xf8, 0x0, 0x0, 0x0, 0xf,
    0xfc, 0x0, 0x0, 0x0, 0x7, 0xfe, 0x0, 0x0,
    0x0, 0x3, 0xff, 0x0, 0x0, 0x0, 0x1, 0xff,
    0x80, 0x0, 0x0, 0x0, 0x7f, 0xc0, 0x0, 0x0,
    0x0, 0x1f, 0xe0, 0x0, 0x0, 0x0, 0x7, 0xf0,
    0x7, 0xff, 0xff, 0xf1, 0xf8, 0x7, 0xff, 0xff,
    0xfc, 0x70, 0x7, 0xff, 0xff, 0xff, 0x10, 0x7,
    0xff, 0xff, 0xff, 0xc0, 0x7, 0xff, 0xff, 0xff,
    0xf0, 0x1, 0xff, 0xff, 0xff, 0xf0, 0x0, 0x7f,
    0xff, 0xff, 0xf0, 0x0, 0x1f, 0xff, 0xff, 0xf0,
    0x0, 0x7, 0xff, 0xff, 0xf0, 0x0, 0x0, 0x0,
    0x0, 0x0, 0x0, 0x0, 0x0, 0x0, 0x0, 0x0,
    0x0, 0x0, 0x0, 0x0, 0x0, 0x0, 0x0, 0x0,
    0x0, 0x0, 0x0, 0x0, 0x0, 0x0, 0x0, 0x0,
    0x0, 0x0, 0x0, 0x0, 0x0, 0x0, 0x0, 0x0,
    0x0, 0x0, 0x0, 0x0, 0x0, 0x0, 0x0, 0x0,
    0x0, 0x0, 0x0, 0x0, 0x0, 0x0, 0x0, 0x0,
    0x0, 0x0, 0x0, 0x0, 0x0, 0x0, 0x0, 0x0,
    0x0, 0x0, 0x0, 0x0, 0x0, 0x0, 0x0, 0x0,
    0x0, 0x0, 0x0, 0x0, 0x0, 0x0, 0x0, 0x0,
    0x0, 0x0, 0x0, 0x0, 0x0, 0x0, 0x0, 0x0,
    0x0, 0x0, 0x0, 0x0, 0x0, 0x0, 0x0, 0x0,
    0x0, 0x0, 0x0, 0x0, 0x0, 0x0, 0x0, 0x0,
    0x1f, 0xff, 0xfc, 0x0, 0x0, 0x1f, 0xff, 0xff,
    0x0, 0x0, 0x1f, 0xff, 0xff, 0xc0, 0x0, 0x1f,
    0xff, 0xff, 0xf0, 0x0, 0x3f, 0xff, 0xff, 0xfc,
    0x0, 0x3f, 0xff, 0xff, 0xff, 0x0, 0x3f, 0xff,
    0xff, 0xff, 0xe0, 0x3f, 0xff, 0xff, 0xff, 0xf0,
    0xf, 0xff, 0xff, 0xff, 0xf0, 0x0
};


/*---------------------
 *  GLYPH DESCRIPTION
 *--------------------*/

static const lv_font_fmt_txt_glyph_dsc_t glyph_dsc[] = {
    {.bitmap_index = 0, .adv_w = 0, .box_w = 0, .box_h = 0, .ofs_x = 0, .ofs_y = 0} /* id = 0 reserved */,
    {.bitmap_index = 0, .adv_w = 373, .box_w = 1, .box_h = 1, .ofs_x = 0, .ofs_y = 0},
    {.bitmap_index = 1, .adv_w = 305, .box_w = 10, .box_h = 46, .ofs_x = 1, .ofs_y = 0},
    {.bitmap_index = 59, .adv_w = 514, .box_w = 26, .box_h = 27, .ofs_x = 0, .ofs_y = 35},
    {.bitmap_index = 147, .adv_w = 981, .box_w = 51, .box_h = 66, .ofs_x = 5, .ofs_y = 0},
    {.bitmap_index = 568, .adv_w = 807, .box_w = 41, .box_h = 65, .ofs_x = 1, .ofs_y = 0},
    {.bitmap_index = 902, .adv_w = 807, .box_w = 40, .box_h = 66, .ofs_x = 0, .ofs_y = 0},
    {.bitmap_index = 1232, .adv_w = 807, .box_w = 41, .box_h = 65, .ofs_x = 1, .ofs_y = 0},
    {.bitmap_index = 1566, .adv_w = 296, .box_w = 10, .box_h = 27, .ofs_x = 0, .ofs_y = 35},
    {.bitmap_index = 1600, .adv_w = 807, .box_w = 41, .box_h = 65, .ofs_x = 1, .ofs_y = 0},
    {.bitmap_index = 1934, .adv_w = 807, .box_w = 41, .box_h = 65, .ofs_x = 1, .ofs_y = 0},
    {.bitmap_index = 2268, .adv_w = 807, .box_w = 41, .box_h = 65, .ofs_x = 1, .ofs_y = 0},
    {.bitmap_index = 2602, .adv_w = 745, .box_w = 39, .box_h = 40, .ofs_x = 4, .ofs_y = 13},
    {.bitmap_index = 2797, .adv_w = 261, .box_w = 10, .box_h = 28, .ofs_x = 0, .ofs_y = 3},
    {.bitmap_index = 2832, .adv_w = 734, .box_w = 31, .box_h = 9, .ofs_x = 5, .ofs_y = 28},
    {.bitmap_index = 2867, .adv_w = 305, .box_w = 10, .box_h = 9, .ofs_x = 1, .ofs_y = 0},
    {.bitmap_index = 2879, .adv_w = 807, .box_w = 40, .box_h = 40, .ofs_x = 1, .ofs_y = 13},
    {.bitmap_index = 3079, .adv_w = 807, .box_w = 41, .box_h = 65, .ofs_x = 0, .ofs_y = 0},
    {.bitmap_index = 3413, .adv_w = 807, .box_w = 20, .box_h = 62, .ofs_x = 21, .ofs_y = 3},
    {.bitmap_index = 3568, .adv_w = 807, .box_w = 41, .box_h = 65, .ofs_x = 1, .ofs_y = 0},
    {.bitmap_index = 3902, .adv_w = 807, .box_w = 41, .box_h = 65, .ofs_x = 1, .ofs_y = 0},
    {.bitmap_index = 4236, .adv_w = 807, .box_w = 41, .box_h = 59, .ofs_x = 0, .ofs_y = 3},
    {.bitmap_index = 4539, .adv_w = 807, .box_w = 41, .box_h = 65, .ofs_x = 0, .ofs_y = 0},
    {.bitmap_index = 4873, .adv_w = 807, .box_w = 41, .box_h = 65, .ofs_x = 0, .ofs_y = 0},
    {.bitmap_index = 5207, .adv_w = 807, .box_w = 41, .box_h = 61, .ofs_x = 1, .ofs_y = 4},
    {.bitmap_index = 5520, .adv_w = 807, .box_w = 41, .box_h = 65, .ofs_x = 0, .ofs_y = 0},
    {.bitmap_index = 5854, .adv_w = 807, .box_w = 41, .box_h = 65, .ofs_x = 0, .ofs_y = 0},
    {.bitmap_index = 6188, .adv_w = 305, .box_w = 10, .box_h = 35, .ofs_x = 1, .ofs_y = 15},
    {.bitmap_index = 6232, .adv_w = 305, .box_w = 10, .box_h = 46, .ofs_x = 0, .ofs_y = 5},
    {.bitmap_index = 6290, .adv_w = 807, .box_w = 27, .box_h = 39, .ofs_x = 6, .ofs_y = 13},
    {.bitmap_index = 6422, .adv_w = 807, .box_w = 40, .box_h = 28, .ofs_x = 0, .ofs_y = 19},
    {.bitmap_index = 6562, .adv_w = 807, .box_w = 27, .box_h = 39, .ofs_x = 7, .ofs_y = 13},
    {.bitmap_index = 6694, .adv_w = 807, .box_w = 41, .box_h = 65, .ofs_x = 1, .ofs_y = 0},
    {.bitmap_index = 7028, .adv_w = 1483, .box_w = 82, .box_h = 84, .ofs_x = 5, .ofs_y = -18},
    {.bitmap_index = 7889, .adv_w = 807, .box_w = 41, .box_h = 62, .ofs_x = 0, .ofs_y = 3},
    {.bitmap_index = 8207, .adv_w = 807, .box_w = 41, .box_h = 65, .ofs_x = 0, .ofs_y = 0},
    {.bitmap_index = 8541, .adv_w = 807, .box_w = 37, .box_h = 65, .ofs_x = 0, .ofs_y = 0},
    {.bitmap_index = 8842, .adv_w = 807, .box_w = 41, .box_h = 65, .ofs_x = 0, .ofs_y = 0},
    {.bitmap_index = 9176, .adv_w = 807, .box_w = 37, .box_h = 65, .ofs_x = 0, .ofs_y = 0},
    {.bitmap_index = 9477, .adv_w = 807, .box_w = 37, .box_h = 62, .ofs_x = 0, .ofs_y = 3},
    {.bitmap_index = 9764, .adv_w = 807, .box_w = 41, .box_h = 65, .ofs_x = 0, .ofs_y = 0},
    {.bitmap_index = 10098, .adv_w = 807, .box_w = 41, .box_h = 59, .ofs_x = 0, .ofs_y = 3},
    {.bitmap_index = 10401, .adv_w = 807, .box_w = 10, .box_h = 59, .ofs_x = 31, .ofs_y = 3},
    {.bitmap_index = 10475, .adv_w = 807, .box_w = 41, .box_h = 62, .ofs_x = 0, .ofs_y = 0},
    {.bitmap_index = 10793, .adv_w = 807, .box_w = 41, .box_h = 62, .ofs_x = 0, .ofs_y = 0},
    {.bitmap_index = 11111, .adv_w = 807, .box_w = 41, .box_h = 62, .ofs_x = 0, .ofs_y = 0},
    {.bitmap_index = 11429, .adv_w = 807, .box_w = 41, .box_h = 62, .ofs_x = 0, .ofs_y = 3},
    {.bitmap_index = 11747, .adv_w = 807, .box_w = 41, .box_h = 62, .ofs_x = 0, .ofs_y = 3},
    {.bitmap_index = 12065, .adv_w = 807, .box_w = 41, .box_h = 65, .ofs_x = 0, .ofs_y = 0},
    {.bitmap_index = 12399, .adv_w = 807, .box_w = 41, .box_h = 62, .ofs_x = 0, .ofs_y = 3},
    {.bitmap_index = 12717, .adv_w = 807, .box_w = 41, .box_h = 65, .ofs_x = 0, .ofs_y = 0},
    {.bitmap_index = 13051, .adv_w = 807, .box_w = 37, .box_h = 62, .ofs_x = 0, .ofs_y = 3},
    {.bitmap_index = 13338, .adv_w = 807, .box_w = 41, .box_h = 65, .ofs_x = 0, .ofs_y = 0},
    {.bitmap_index = 13672, .adv_w = 807, .box_w = 37, .box_h = 62, .ofs_x = 4, .ofs_y = 3},
    {.bitmap_index = 13959, .adv_w = 807, .box_w = 41, .box_h = 62, .ofs_x = 0, .ofs_y = 0},
    {.bitmap_index = 14277, .adv_w = 807, .box_w = 41, .box_h = 62, .ofs_x = 0, .ofs_y = 0},
    {.bitmap_index = 14595, .adv_w = 807, .box_w = 41, .box_h = 62, .ofs_x = 0, .ofs_y = 0},
    {.bitmap_index = 14913, .adv_w = 807, .box_w = 34, .box_h = 65, .ofs_x = 3, .ofs_y = 0},
    {.bitmap_index = 15190, .adv_w = 807, .box_w = 41, .box_h = 62, .ofs_x = 0, .ofs_y = 0},
    {.bitmap_index = 15508, .adv_w = 807, .box_w = 41, .box_h = 65, .ofs_x = 0, .ofs_y = 0},
    {.bitmap_index = 15842, .adv_w = 807, .box_w = 41, .box_h = 65, .ofs_x = 1, .ofs_y = 0},
    {.bitmap_index = 16176, .adv_w = 807, .box_w = 41, .box_h = 65, .ofs_x = 1, .ofs_y = 0},
    {.bitmap_index = 16510, .adv_w = 807, .box_w = 41, .box_h = 65, .ofs_x = 1, .ofs_y = 0},
    {.bitmap_index = 16844, .adv_w = 807, .box_w = 41, .box_h = 65, .ofs_x = 1, .ofs_y = 0},
    {.bitmap_index = 17178, .adv_w = 807, .box_w = 34, .box_h = 9, .ofs_x = 3, .ofs_y = 0},
    {.bitmap_index = 17217, .adv_w = 296, .box_w = 10, .box_h = 27, .ofs_x = 0, .ofs_y = 35},
    {.bitmap_index = 17251, .adv_w = 807, .box_w = 41, .box_h = 65, .ofs_x = 0, .ofs_y = 0},
    {.bitmap_index = 17585, .adv_w = 807, .box_w = 41, .box_h = 62, .ofs_x = 0, .ofs_y = 0},
    {.bitmap_index = 17903, .adv_w = 807, .box_w = 37, .box_h = 37, .ofs_x = 0, .ofs_y = 0},
    {.bitmap_index = 18075, .adv_w = 807, .box_w = 41, .box_h = 62, .ofs_x = 0, .ofs_y = 0},
    {.bitmap_index = 18393, .adv_w = 807, .box_w = 41, .box_h = 65, .ofs_x = 0, .ofs_y = 0},
    {.bitmap_index = 18727, .adv_w = 807, .box_w = 37, .box_h = 65, .ofs_x = 0, .ofs_y = 0},
    {.bitmap_index = 19028, .adv_w = 807, .box_w = 41, .box_h = 65, .ofs_x = 0, .ofs_y = 0},
    {.bitmap_index = 19362, .adv_w = 807, .box_w = 41, .box_h = 59, .ofs_x = 0, .ofs_y = 3},
    {.bitmap_index = 19665, .adv_w = 807, .box_w = 10, .box_h = 28, .ofs_x = 31, .ofs_y = 3},
    {.bitmap_index = 19700, .adv_w = 807, .box_w = 37, .box_h = 62, .ofs_x = 4, .ofs_y = 0},
    {.bitmap_index = 19987, .adv_w = 807, .box_w = 41, .box_h = 62, .ofs_x = 0, .ofs_y = 3},
    {.bitmap_index = 20305, .adv_w = 807, .box_w = 37, .box_h = 62, .ofs_x = 0, .ofs_y = 0},
    {.bitmap_index = 20592, .adv_w = 807, .box_w = 41, .box_h = 62, .ofs_x = 0, .ofs_y = 3},
    {.bitmap_index = 20910, .adv_w = 807, .box_w = 41, .box_h = 34, .ofs_x = 0, .ofs_y = 3},
    {.bitmap_index = 21085, .adv_w = 807, .box_w = 41, .box_h = 37, .ofs_x = 0, .ofs_y = 0},
    {.bitmap_index = 21275, .adv_w = 807, .box_w = 41, .box_h = 62, .ofs_x = 0, .ofs_y = 3},
    {.bitmap_index = 21593, .adv_w = 807, .box_w = 41, .box_h = 62, .ofs_x = 0, .ofs_y = 3},
    {.bitmap_index = 21911, .adv_w = 807, .box_w = 36, .box_h = 34, .ofs_x = 0, .ofs_y = 3},
    {.bitmap_index = 22064, .adv_w = 807, .box_w = 41, .box_h = 59, .ofs_x = 0, .ofs_y = 3},
    {.bitmap_index = 22367, .adv_w = 807, .box_w = 37, .box_h = 62, .ofs_x = 0, .ofs_y = 0},
    {.bitmap_index = 22654, .adv_w = 807, .box_w = 41, .box_h = 30, .ofs_x = 0, .ofs_y = 0},
    {.bitmap_index = 22808, .adv_w = 807, .box_w = 41, .box_h = 62, .ofs_x = 0, .ofs_y = 0},
    {.bitmap_index = 23126, .adv_w = 807, .box_w = 41, .box_h = 62, .ofs_x = 0, .ofs_y = 0},
    {.bitmap_index = 23444, .adv_w = 807, .box_w = 34, .box_h = 65, .ofs_x = 3, .ofs_y = 0},
    {.bitmap_index = 23721, .adv_w = 807, .box_w = 41, .box_h = 62, .ofs_x = 0, .ofs_y = 0},
    {.bitmap_index = 24039, .adv_w = 807, .box_w = 41, .box_h = 65, .ofs_x = 0, .ofs_y = 0},
    {.bitmap_index = 24373, .adv_w = 807, .box_w = 41, .box_h = 65, .ofs_x = 1, .ofs_y = 0},
    {.bitmap_index = 24707, .adv_w = 807, .box_w = 41, .box_h = 65, .ofs_x = 1, .ofs_y = 0},
    {.bitmap_index = 25041, .adv_w = 807, .box_w = 41, .box_h = 65, .ofs_x = 1, .ofs_y = 0},
    {.bitmap_index = 25375, .adv_w = 807, .box_w = 41, .box_h = 65, .ofs_x = 1, .ofs_y = 0}
};

/*---------------------
 *  CHARACTER MAPPING
 *--------------------*/



/*Collect the unicode lists and glyph_id offsets*/
static const lv_font_fmt_txt_cmap_t cmaps[] =
{
    {
        .range_start = 32, .range_length = 95, .glyph_id_start = 1,
        .unicode_list = NULL, .glyph_id_ofs_list = NULL, .list_length = 0, .type = LV_FONT_FMT_TXT_CMAP_FORMAT0_TINY
    }
};



/*--------------------
 *  ALL CUSTOM DATA
 *--------------------*/

#if LV_VERSION_CHECK(8, 0, 0)
/*Store all the custom data of the font*/
static  lv_font_fmt_txt_glyph_cache_t cache;
static const lv_font_fmt_txt_dsc_t font_dsc = {
#else
static lv_font_fmt_txt_dsc_t font_dsc = {
#endif
    .glyph_bitmap = glyph_bitmap,
    .glyph_dsc = glyph_dsc,
    .cmaps = cmaps,
    .kern_dsc = NULL,
    .kern_scale = 0,
    .cmap_num = 1,
    .bpp = 1,
    .kern_classes = 0,
    .bitmap_format = 0,
#if LV_VERSION_CHECK(8, 0, 0)
    .cache = &cache
#endif
};


/*-----------------
 *  PUBLIC FONT
 *----------------*/

/*Initialize a public general font descriptor*/
#if LV_VERSION_CHECK(8, 0, 0)
const lv_font_t ui_font_digits = {
#else
lv_font_t ui_font_digits = {
#endif
    .get_glyph_dsc = lv_font_get_glyph_dsc_fmt_txt,    /*Function pointer to get glyph's data*/
    .get_glyph_bitmap = lv_font_get_bitmap_fmt_txt,    /*Function pointer to get glyph's bitmap*/
    .line_height = 84,          /*The maximum line height required by the font*/
    .base_line = 18,             /*Baseline measured from the bottom of the line*/
#if !(LVGL_VERSION_MAJOR == 6 && LVGL_VERSION_MINOR == 0)
    .subpx = LV_FONT_SUBPX_NONE,
#endif
#if LV_VERSION_CHECK(7, 4, 0) || LVGL_VERSION_MAJOR >= 8
    .underline_position = -10,
    .underline_thickness = 7,
#endif
    .dsc = &font_dsc           /*The custom font data. Will be accessed by `get_glyph_bitmap/dsc` */
};



#endif /*#if UI_FONT_DIGITS*/

